/*
SQLyog Ultimate v12.5.1 (64 bit)
MySQL - 10.4.17-MariaDB : Database - db_praktikum_prognet
*********************************************************************
*/

/*!40101 SET NAMES utf8 */;

/*!40101 SET SQL_MODE=''*/;

/*!40014 SET @OLD_UNIQUE_CHECKS=@@UNIQUE_CHECKS, UNIQUE_CHECKS=0 */;
/*!40014 SET @OLD_FOREIGN_KEY_CHECKS=@@FOREIGN_KEY_CHECKS, FOREIGN_KEY_CHECKS=0 */;
/*!40101 SET @OLD_SQL_MODE=@@SQL_MODE, SQL_MODE='NO_AUTO_VALUE_ON_ZERO' */;
/*!40111 SET @OLD_SQL_NOTES=@@SQL_NOTES, SQL_NOTES=0 */;
CREATE DATABASE /*!32312 IF NOT EXISTS*/`db_praktikum_prognet` /*!40100 DEFAULT CHARACTER SET latin1 */;

USE `db_praktikum_prognet`;

/*Table structure for table `admin_notifications` */

DROP TABLE IF EXISTS `admin_notifications`;

CREATE TABLE `admin_notifications` (
  `id` int(36) NOT NULL AUTO_INCREMENT,
  `type` varchar(191) COLLATE utf8mb4_unicode_ci NOT NULL,
  `notifiable_type` varchar(191) COLLATE utf8mb4_unicode_ci NOT NULL,
  `notifiable_id` int(10) unsigned NOT NULL,
  `data` text COLLATE utf8mb4_unicode_ci NOT NULL,
  `read_at` timestamp NULL DEFAULT NULL,
  `created_at` timestamp NULL DEFAULT NULL,
  `updated_at` timestamp NULL DEFAULT NULL,
  PRIMARY KEY (`id`),
  KEY `seller_notifications_notifiable_type_notifiable_id_index` (`notifiable_type`,`notifiable_id`),
  KEY `notifiable_id` (`notifiable_id`),
  CONSTRAINT `admin_notifications_ibfk_1` FOREIGN KEY (`notifiable_id`) REFERENCES `admins` (`id`)
) ENGINE=InnoDB AUTO_INCREMENT=4 DEFAULT CHARSET=utf8mb4 COLLATE=utf8mb4_unicode_ci;

/*Data for the table `admin_notifications` */

insert  into `admin_notifications`(`id`,`type`,`notifiable_type`,`notifiable_id`,`data`,`read_at`,`created_at`,`updated_at`) values 
(1,'App\\Notifications\\AdminNotification','App\\User',1,'{\"id\":87,\"nama\":\"smaraputra\",\"pesan\":\"melakukan transaksi\"}',NULL,'2021-06-01 23:16:56','2021-06-01 23:16:56'),
(2,'App\\Notifications\\AdminNotification','App\\User',1,'{\"id\":88,\"nama\":\"smaraputra\",\"pesan\":\"melakukan transaksi\"}',NULL,'2021-06-06 19:35:18','2021-06-06 19:35:18'),
(3,'App\\Notifications\\AdminNotification','App\\User',1,'{\"id\":89,\"nama\":\"smaraputra\",\"pesan\":\"melakukan transaksi\"}',NULL,'2021-06-06 20:41:16','2021-06-06 20:41:16');

/*Table structure for table `admins` */

DROP TABLE IF EXISTS `admins`;

CREATE TABLE `admins` (
  `id` int(10) unsigned NOT NULL AUTO_INCREMENT,
  `username` varchar(191) COLLATE utf8mb4_unicode_ci DEFAULT NULL,
  `password` varchar(191) COLLATE utf8mb4_unicode_ci NOT NULL,
  `name` varchar(191) COLLATE utf8mb4_unicode_ci NOT NULL,
  `profile_image` varchar(191) COLLATE utf8mb4_unicode_ci NOT NULL,
  `phone` varchar(12) COLLATE utf8mb4_unicode_ci NOT NULL,
  `remember_token` varchar(100) COLLATE utf8mb4_unicode_ci DEFAULT NULL,
  `created_at` timestamp NULL DEFAULT NULL,
  `updated_at` timestamp NULL DEFAULT NULL,
  PRIMARY KEY (`id`),
  UNIQUE KEY `sellers_email_unique` (`phone`)
) ENGINE=InnoDB AUTO_INCREMENT=16 DEFAULT CHARSET=utf8mb4 COLLATE=utf8mb4_unicode_ci;

/*Data for the table `admins` */

insert  into `admins`(`id`,`username`,`password`,`name`,`profile_image`,`phone`,`remember_token`,`created_at`,`updated_at`) values 
(1,'smara','$2y$10$PCZ12iXynoL29YD1C426qONy0AFus0Q9PVk29tjHge3LZMX6bAjRK','adminsqlyog','def.png','123123',NULL,'2021-04-30 18:42:44','2021-04-30 18:42:45'),
(13,'ngurahroky','$2y$10$1gWc.aeGqufefUnyOMf2e.Fkcl5DmBCzmdKglHsNEjR2pCzv8BJv2','SI NGURAH KETUT SUWIJAYA','preview.jpg','81267195871',NULL,'2021-06-13 18:48:36','2021-06-13 19:36:51');

/*Table structure for table `carts` */

DROP TABLE IF EXISTS `carts`;

CREATE TABLE `carts` (
  `id` int(10) unsigned NOT NULL AUTO_INCREMENT,
  `user_id` int(10) unsigned NOT NULL,
  `product_id` int(10) unsigned NOT NULL,
  `qty` int(11) NOT NULL,
  `created_at` timestamp NULL DEFAULT NULL,
  `updated_at` timestamp NULL DEFAULT NULL,
  `status` enum('checkedout','notyet','cancelled','producterror','qtyerror') COLLATE utf8mb4_unicode_ci DEFAULT NULL,
  PRIMARY KEY (`id`),
  KEY `user_id` (`user_id`),
  KEY `product_id` (`product_id`),
  CONSTRAINT `carts_ibfk_1` FOREIGN KEY (`user_id`) REFERENCES `users` (`id`) ON UPDATE NO ACTION,
  CONSTRAINT `carts_ibfk_2` FOREIGN KEY (`product_id`) REFERENCES `products` (`id`) ON UPDATE NO ACTION
) ENGINE=InnoDB AUTO_INCREMENT=85 DEFAULT CHARSET=utf8mb4 COLLATE=utf8mb4_unicode_ci;

/*Data for the table `carts` */

insert  into `carts`(`id`,`user_id`,`product_id`,`qty`,`created_at`,`updated_at`,`status`) values 
(1,1,1,1,'2021-04-08 23:49:28','2021-04-09 07:56:26','checkedout'),
(2,1,2,4,'2021-05-13 05:24:59','2021-05-13 23:20:12','checkedout'),
(3,1,2,5,'2021-05-13 16:46:43','2021-05-13 16:47:15','cancelled'),
(4,1,2,1,'2021-05-13 16:48:18','2021-05-13 16:48:29','cancelled'),
(5,1,2,1,'2021-05-13 16:50:00','2021-05-13 16:52:27','cancelled'),
(6,1,1,1,'2021-05-13 16:52:45','2021-05-14 00:53:32','checkedout'),
(7,1,2,1,'2021-05-13 16:52:51','2021-05-14 00:53:32','checkedout'),
(8,1,1,1,'2021-05-13 16:54:50','2021-05-13 16:55:19','cancelled'),
(9,1,5,2,'2021-05-13 16:55:37','2021-05-13 16:56:52','cancelled'),
(10,1,2,1,'2021-05-13 17:16:57','2021-05-13 17:17:00','cancelled'),
(11,1,2,-6,'2021-05-13 17:35:47','2021-05-14 05:27:30','cancelled'),
(12,1,1,1,'2021-05-14 05:27:36','2021-05-29 18:22:21','cancelled'),
(13,1,2,1,'2021-05-14 05:31:16','2021-05-14 13:31:29','checkedout'),
(14,2,2,5,'2021-05-14 06:17:52','2021-05-14 07:40:39','cancelled'),
(15,2,2,3,'2021-05-14 07:40:56','2021-05-14 07:42:29','cancelled'),
(16,2,5,1,'2021-05-14 07:41:50','2021-05-14 07:41:53','cancelled'),
(17,2,2,3,'2021-05-14 07:42:44','2021-05-14 07:44:36','cancelled'),
(18,2,1,2,'2021-05-14 07:42:48','2021-05-14 07:42:55','cancelled'),
(19,1,2,2,'2021-05-14 09:47:04','2021-05-14 09:51:40','cancelled'),
(20,1,2,3,'2021-05-14 09:51:59','2021-05-19 09:46:15','cancelled'),
(21,1,5,1,'2021-05-16 08:15:08','2021-05-19 17:55:43','checkedout'),
(22,3,8,1,'2021-05-16 08:23:45','2021-05-16 16:24:13','checkedout'),
(23,1,2,1,'2021-05-19 09:46:22','2021-05-19 17:55:43','checkedout'),
(24,1,2,2,'2021-05-19 15:58:18','2021-05-19 15:58:24','cancelled'),
(25,1,2,1,'2021-05-21 09:12:39','2021-05-21 17:18:06','checkedout'),
(26,1,1,1,'2021-05-21 09:12:49','2021-05-21 17:18:06','checkedout'),
(27,1,9,1,'2021-05-21 09:13:53','2021-05-21 17:18:06','checkedout'),
(28,1,9,3,'2021-05-21 13:57:24','2021-05-21 21:58:01','checkedout'),
(29,1,1,2,'2021-05-21 13:57:24','2021-05-29 18:15:36','cancelled'),
(30,1,9,1,'2021-05-21 13:57:24','2021-05-24 01:41:45','checkedout'),
(31,1,1,2,'2021-05-21 13:57:24','2021-05-29 18:23:09','cancelled'),
(32,1,8,1,'2021-05-21 13:57:24','2021-05-24 14:23:44','checkedout'),
(33,1,1,2,'2021-05-21 13:57:24','2021-05-29 18:23:14','cancelled'),
(34,1,9,1,'2021-05-21 13:57:24','2021-05-24 14:28:16','checkedout'),
(35,1,1,3,'2021-05-24 06:47:56','2021-05-24 06:56:22','cancelled'),
(36,1,2,1,'2021-05-24 06:56:16','2021-05-24 06:56:20','cancelled'),
(37,1,1,1,'2021-05-24 07:05:59','2021-05-24 15:18:25','checkedout'),
(38,1,6,1,'2021-05-24 07:06:11','2021-05-29 18:23:17','cancelled'),
(39,1,1,2,'2021-05-24 07:20:12','2021-05-29 18:23:21','cancelled'),
(40,1,6,1,'2021-05-24 07:41:22','2021-05-29 18:23:25','cancelled'),
(41,1,5,1,'2021-05-24 10:05:14','2021-05-25 16:28:57','checkedout'),
(43,1,8,1,'2021-05-25 08:46:47','2021-05-25 08:46:47','cancelled'),
(44,1,9,1,'2021-05-25 09:01:44','2021-05-25 17:09:59','checkedout'),
(45,1,6,1,'2021-05-25 09:11:34','2021-05-29 18:23:58','cancelled'),
(48,1,1,2,'2021-05-25 13:34:07','2021-05-26 10:45:00','cancelled'),
(49,1,6,1,'2021-05-25 13:40:09','2021-05-26 11:09:28','cancelled'),
(50,1,2,5,'2021-05-26 11:09:36','2021-05-26 19:12:39','checkedout'),
(51,1,6,2,'2021-05-26 11:09:48','2021-05-29 18:26:02','cancelled'),
(52,1,1,1,'2021-05-26 11:12:47','2021-05-26 11:12:51','cancelled'),
(53,1,6,1,'2021-05-26 11:13:57','2021-05-26 12:57:49','cancelled'),
(54,1,9,1,'2021-05-26 13:27:16','2021-05-26 13:31:45','cancelled'),
(55,1,5,1,'2021-05-26 13:32:08','2021-05-26 13:32:09','cancelled'),
(56,1,11,1,'2021-05-26 13:33:18','2021-05-26 14:40:24','cancelled'),
(57,1,1,3,'2021-05-26 17:43:26','2021-05-26 17:43:44','cancelled'),
(58,1,1,8,'2021-05-26 17:44:31','2021-05-26 17:45:02','cancelled'),
(59,1,1,1,'2021-05-27 06:55:03','2021-05-27 06:55:53','cancelled'),
(60,2,1,1,'2021-05-27 18:13:35','2021-05-28 02:14:01','checkedout'),
(61,2,5,1,'2021-05-27 18:13:39','2021-05-28 02:14:01','checkedout'),
(62,2,6,1,'2021-05-27 18:13:44','2021-05-28 02:14:01','checkedout'),
(63,1,6,1,'2021-05-28 11:33:38','2021-05-28 13:38:57','cancelled'),
(64,1,1,1,'2021-05-28 11:33:46','2021-05-28 21:39:13','checkedout'),
(65,1,2,1,'2021-05-28 11:33:50','2021-05-28 21:39:13','checkedout'),
(66,1,5,1,'2021-05-28 11:33:54','2021-05-28 21:39:13','checkedout'),
(67,1,9,6,'2021-05-28 11:38:04','2021-05-28 13:38:43','cancelled'),
(68,1,6,0,'2021-05-28 13:49:29','2021-05-28 13:50:29','cancelled'),
(69,1,1,1,'2021-05-28 14:25:20','2021-05-29 09:05:38','cancelled'),
(70,1,9,1,'2021-05-29 06:23:29','2021-05-29 09:53:16','cancelled'),
(71,1,1,1,'2021-05-29 09:53:26','2021-05-29 10:01:53','cancelled'),
(72,1,9,6,'2021-05-29 09:56:50','2021-05-29 10:01:47','cancelled'),
(73,1,9,6,'2021-05-29 10:02:00','2021-05-29 10:02:06','cancelled'),
(74,1,9,1,'2021-05-29 10:02:42','2021-05-29 10:03:14','cancelled'),
(75,1,2,1,'2021-05-29 10:05:03','2021-05-29 10:05:07','cancelled'),
(76,1,1,1,'2021-05-29 10:06:15','2021-05-29 10:06:38','cancelled'),
(77,1,1,1,'2021-05-29 10:06:43','2021-05-29 10:06:49','cancelled'),
(78,1,2,1,'2021-05-29 10:08:08','2021-05-29 12:55:15','cancelled'),
(79,1,1,1,'2021-05-29 10:08:35','2021-05-29 23:15:32','checkedout'),
(80,1,2,1,'2021-05-29 12:55:20','2021-05-29 15:14:52','cancelled'),
(81,1,1,1,'2021-05-29 15:39:57','2021-05-29 18:22:25','cancelled'),
(82,1,5,1,'2021-05-29 15:47:58','2021-05-29 18:21:33','cancelled'),
(83,1,1,5,'2021-05-29 18:26:10','2021-05-30 10:59:13','notyet'),
(84,1,6,2,'2021-05-29 19:03:27','2021-05-30 10:59:08','notyet');

/*Table structure for table `cities` */

DROP TABLE IF EXISTS `cities`;

CREATE TABLE `cities` (
  `id` bigint(20) unsigned NOT NULL AUTO_INCREMENT,
  `province_id` int(10) unsigned NOT NULL,
  `city_id` int(10) unsigned NOT NULL,
  `title` varchar(255) COLLATE utf8mb4_unicode_ci NOT NULL,
  `created_at` timestamp NULL DEFAULT NULL,
  `updated_at` timestamp NULL DEFAULT NULL,
  PRIMARY KEY (`id`)
) ENGINE=InnoDB AUTO_INCREMENT=502 DEFAULT CHARSET=utf8mb4 COLLATE=utf8mb4_unicode_ci;

/*Data for the table `cities` */

insert  into `cities`(`id`,`province_id`,`city_id`,`title`,`created_at`,`updated_at`) values 
(1,1,17,'Badung','2021-03-22 10:02:20','2021-03-22 10:02:20'),
(2,1,32,'Bangli','2021-03-22 10:02:20','2021-03-22 10:02:20'),
(3,1,94,'Buleleng','2021-03-22 10:02:20','2021-03-22 10:02:20'),
(4,1,114,'Denpasar','2021-03-22 10:02:20','2021-03-22 10:02:20'),
(5,1,128,'Gianyar','2021-03-22 10:02:20','2021-03-22 10:02:20'),
(6,1,161,'Jembrana','2021-03-22 10:02:20','2021-03-22 10:02:20'),
(7,1,170,'Karangasem','2021-03-22 10:02:20','2021-03-22 10:02:20'),
(8,1,197,'Klungkung','2021-03-22 10:02:20','2021-03-22 10:02:20'),
(9,1,447,'Tabanan','2021-03-22 10:02:20','2021-03-22 10:02:20'),
(10,2,27,'Bangka','2021-03-22 10:02:22','2021-03-22 10:02:22'),
(11,2,28,'Bangka Barat','2021-03-22 10:02:22','2021-03-22 10:02:22'),
(12,2,29,'Bangka Selatan','2021-03-22 10:02:22','2021-03-22 10:02:22'),
(13,2,30,'Bangka Tengah','2021-03-22 10:02:22','2021-03-22 10:02:22'),
(14,2,56,'Belitung','2021-03-22 10:02:22','2021-03-22 10:02:22'),
(15,2,57,'Belitung Timur','2021-03-22 10:02:22','2021-03-22 10:02:22'),
(16,2,334,'Pangkal Pinang','2021-03-22 10:02:22','2021-03-22 10:02:22'),
(17,3,106,'Cilegon','2021-03-22 10:02:23','2021-03-22 10:02:23'),
(18,3,232,'Lebak','2021-03-22 10:02:23','2021-03-22 10:02:23'),
(19,3,331,'Pandeglang','2021-03-22 10:02:23','2021-03-22 10:02:23'),
(20,3,402,'Serang','2021-03-22 10:02:23','2021-03-22 10:02:23'),
(21,3,403,'Serang','2021-03-22 10:02:23','2021-03-22 10:02:23'),
(22,3,455,'Tangerang','2021-03-22 10:02:23','2021-03-22 10:02:23'),
(23,3,456,'Tangerang','2021-03-22 10:02:23','2021-03-22 10:02:23'),
(24,3,457,'Tangerang Selatan','2021-03-22 10:02:23','2021-03-22 10:02:23'),
(25,4,62,'Bengkulu','2021-03-22 10:02:25','2021-03-22 10:02:25'),
(26,4,63,'Bengkulu Selatan','2021-03-22 10:02:25','2021-03-22 10:02:25'),
(27,4,64,'Bengkulu Tengah','2021-03-22 10:02:25','2021-03-22 10:02:25'),
(28,4,65,'Bengkulu Utara','2021-03-22 10:02:25','2021-03-22 10:02:25'),
(29,4,175,'Kaur','2021-03-22 10:02:25','2021-03-22 10:02:25'),
(30,4,183,'Kepahiang','2021-03-22 10:02:25','2021-03-22 10:02:25'),
(31,4,233,'Lebong','2021-03-22 10:02:25','2021-03-22 10:02:25'),
(32,4,294,'Muko Muko','2021-03-22 10:02:25','2021-03-22 10:02:25'),
(33,4,379,'Rejang Lebong','2021-03-22 10:02:25','2021-03-22 10:02:25'),
(34,4,397,'Seluma','2021-03-22 10:02:25','2021-03-22 10:02:25'),
(35,5,39,'Bantul','2021-03-22 10:02:27','2021-03-22 10:02:27'),
(36,5,135,'Gunung Kidul','2021-03-22 10:02:27','2021-03-22 10:02:27'),
(37,5,210,'Kulon Progo','2021-03-22 10:02:27','2021-03-22 10:02:27'),
(38,5,419,'Sleman','2021-03-22 10:02:27','2021-03-22 10:02:27'),
(39,5,501,'Yogyakarta','2021-03-22 10:02:27','2021-03-22 10:02:27'),
(40,6,151,'Jakarta Barat','2021-03-22 10:02:28','2021-03-22 10:02:28'),
(41,6,152,'Jakarta Pusat','2021-03-22 10:02:28','2021-03-22 10:02:28'),
(42,6,153,'Jakarta Selatan','2021-03-22 10:02:28','2021-03-22 10:02:28'),
(43,6,154,'Jakarta Timur','2021-03-22 10:02:28','2021-03-22 10:02:28'),
(44,6,155,'Jakarta Utara','2021-03-22 10:02:28','2021-03-22 10:02:28'),
(45,6,189,'Kepulauan Seribu','2021-03-22 10:02:28','2021-03-22 10:02:28'),
(46,7,77,'Boalemo','2021-03-22 10:02:30','2021-03-22 10:02:30'),
(47,7,88,'Bone Bolango','2021-03-22 10:02:30','2021-03-22 10:02:30'),
(48,7,129,'Gorontalo','2021-03-22 10:02:30','2021-03-22 10:02:30'),
(49,7,130,'Gorontalo','2021-03-22 10:02:30','2021-03-22 10:02:30'),
(50,7,131,'Gorontalo Utara','2021-03-22 10:02:30','2021-03-22 10:02:30'),
(51,7,361,'Pohuwato','2021-03-22 10:02:30','2021-03-22 10:02:30'),
(52,8,50,'Batang Hari','2021-03-22 10:02:32','2021-03-22 10:02:32'),
(53,8,97,'Bungo','2021-03-22 10:02:32','2021-03-22 10:02:32'),
(54,8,156,'Jambi','2021-03-22 10:02:32','2021-03-22 10:02:32'),
(55,8,194,'Kerinci','2021-03-22 10:02:32','2021-03-22 10:02:32'),
(56,8,280,'Merangin','2021-03-22 10:02:32','2021-03-22 10:02:32'),
(57,8,293,'Muaro Jambi','2021-03-22 10:02:32','2021-03-22 10:02:32'),
(58,8,393,'Sarolangun','2021-03-22 10:02:32','2021-03-22 10:02:32'),
(59,8,442,'Sungaipenuh','2021-03-22 10:02:32','2021-03-22 10:02:32'),
(60,8,460,'Tanjung Jabung Barat','2021-03-22 10:02:32','2021-03-22 10:02:32'),
(61,8,461,'Tanjung Jabung Timur','2021-03-22 10:02:32','2021-03-22 10:02:32'),
(62,8,471,'Tebo','2021-03-22 10:02:32','2021-03-22 10:02:32'),
(63,9,22,'Bandung','2021-03-22 10:02:33','2021-03-22 10:02:33'),
(64,9,23,'Bandung','2021-03-22 10:02:33','2021-03-22 10:02:33'),
(65,9,24,'Bandung Barat','2021-03-22 10:02:33','2021-03-22 10:02:33'),
(66,9,34,'Banjar','2021-03-22 10:02:33','2021-03-22 10:02:33'),
(67,9,54,'Bekasi','2021-03-22 10:02:33','2021-03-22 10:02:33'),
(68,9,55,'Bekasi','2021-03-22 10:02:33','2021-03-22 10:02:33'),
(69,9,78,'Bogor','2021-03-22 10:02:33','2021-03-22 10:02:33'),
(70,9,79,'Bogor','2021-03-22 10:02:33','2021-03-22 10:02:33'),
(71,9,103,'Ciamis','2021-03-22 10:02:33','2021-03-22 10:02:33'),
(72,9,104,'Cianjur','2021-03-22 10:02:33','2021-03-22 10:02:33'),
(73,9,107,'Cimahi','2021-03-22 10:02:33','2021-03-22 10:02:33'),
(74,9,108,'Cirebon','2021-03-22 10:02:33','2021-03-22 10:02:33'),
(75,9,109,'Cirebon','2021-03-22 10:02:33','2021-03-22 10:02:33'),
(76,9,115,'Depok','2021-03-22 10:02:33','2021-03-22 10:02:33'),
(77,9,126,'Garut','2021-03-22 10:02:33','2021-03-22 10:02:33'),
(78,9,149,'Indramayu','2021-03-22 10:02:33','2021-03-22 10:02:33'),
(79,9,171,'Karawang','2021-03-22 10:02:33','2021-03-22 10:02:33'),
(80,9,211,'Kuningan','2021-03-22 10:02:33','2021-03-22 10:02:33'),
(81,9,252,'Majalengka','2021-03-22 10:02:33','2021-03-22 10:02:33'),
(82,9,332,'Pangandaran','2021-03-22 10:02:33','2021-03-22 10:02:33'),
(83,9,376,'Purwakarta','2021-03-22 10:02:33','2021-03-22 10:02:33'),
(84,9,428,'Subang','2021-03-22 10:02:33','2021-03-22 10:02:33'),
(85,9,430,'Sukabumi','2021-03-22 10:02:33','2021-03-22 10:02:33'),
(86,9,431,'Sukabumi','2021-03-22 10:02:33','2021-03-22 10:02:33'),
(87,9,440,'Sumedang','2021-03-22 10:02:33','2021-03-22 10:02:33'),
(88,9,468,'Tasikmalaya','2021-03-22 10:02:33','2021-03-22 10:02:33'),
(89,9,469,'Tasikmalaya','2021-03-22 10:02:33','2021-03-22 10:02:33'),
(90,10,37,'Banjarnegara','2021-03-22 10:02:35','2021-03-22 10:02:35'),
(91,10,41,'Banyumas','2021-03-22 10:02:35','2021-03-22 10:02:35'),
(92,10,49,'Batang','2021-03-22 10:02:35','2021-03-22 10:02:35'),
(93,10,76,'Blora','2021-03-22 10:02:35','2021-03-22 10:02:35'),
(94,10,91,'Boyolali','2021-03-22 10:02:35','2021-03-22 10:02:35'),
(95,10,92,'Brebes','2021-03-22 10:02:35','2021-03-22 10:02:35'),
(96,10,105,'Cilacap','2021-03-22 10:02:35','2021-03-22 10:02:35'),
(97,10,113,'Demak','2021-03-22 10:02:35','2021-03-22 10:02:35'),
(98,10,134,'Grobogan','2021-03-22 10:02:35','2021-03-22 10:02:35'),
(99,10,163,'Jepara','2021-03-22 10:02:35','2021-03-22 10:02:35'),
(100,10,169,'Karanganyar','2021-03-22 10:02:35','2021-03-22 10:02:35'),
(101,10,177,'Kebumen','2021-03-22 10:02:35','2021-03-22 10:02:35'),
(102,10,181,'Kendal','2021-03-22 10:02:35','2021-03-22 10:02:35'),
(103,10,196,'Klaten','2021-03-22 10:02:35','2021-03-22 10:02:35'),
(104,10,209,'Kudus','2021-03-22 10:02:35','2021-03-22 10:02:35'),
(105,10,249,'Magelang','2021-03-22 10:02:35','2021-03-22 10:02:35'),
(106,10,250,'Magelang','2021-03-22 10:02:35','2021-03-22 10:02:35'),
(107,10,344,'Pati','2021-03-22 10:02:35','2021-03-22 10:02:35'),
(108,10,348,'Pekalongan','2021-03-22 10:02:35','2021-03-22 10:02:35'),
(109,10,349,'Pekalongan','2021-03-22 10:02:35','2021-03-22 10:02:35'),
(110,10,352,'Pemalang','2021-03-22 10:02:35','2021-03-22 10:02:35'),
(111,10,375,'Purbalingga','2021-03-22 10:02:35','2021-03-22 10:02:35'),
(112,10,377,'Purworejo','2021-03-22 10:02:35','2021-03-22 10:02:35'),
(113,10,380,'Rembang','2021-03-22 10:02:35','2021-03-22 10:02:35'),
(114,10,386,'Salatiga','2021-03-22 10:02:35','2021-03-22 10:02:35'),
(115,10,398,'Semarang','2021-03-22 10:02:35','2021-03-22 10:02:35'),
(116,10,399,'Semarang','2021-03-22 10:02:35','2021-03-22 10:02:35'),
(117,10,427,'Sragen','2021-03-22 10:02:35','2021-03-22 10:02:35'),
(118,10,433,'Sukoharjo','2021-03-22 10:02:35','2021-03-22 10:02:35'),
(119,10,445,'Surakarta (Solo)','2021-03-22 10:02:35','2021-03-22 10:02:35'),
(120,10,472,'Tegal','2021-03-22 10:02:35','2021-03-22 10:02:35'),
(121,10,473,'Tegal','2021-03-22 10:02:35','2021-03-22 10:02:35'),
(122,10,476,'Temanggung','2021-03-22 10:02:35','2021-03-22 10:02:35'),
(123,10,497,'Wonogiri','2021-03-22 10:02:35','2021-03-22 10:02:35'),
(124,10,498,'Wonosobo','2021-03-22 10:02:35','2021-03-22 10:02:35'),
(125,11,31,'Bangkalan','2021-03-22 10:02:37','2021-03-22 10:02:37'),
(126,11,42,'Banyuwangi','2021-03-22 10:02:37','2021-03-22 10:02:37'),
(127,11,51,'Batu','2021-03-22 10:02:37','2021-03-22 10:02:37'),
(128,11,74,'Blitar','2021-03-22 10:02:37','2021-03-22 10:02:37'),
(129,11,75,'Blitar','2021-03-22 10:02:37','2021-03-22 10:02:37'),
(130,11,80,'Bojonegoro','2021-03-22 10:02:37','2021-03-22 10:02:37'),
(131,11,86,'Bondowoso','2021-03-22 10:02:37','2021-03-22 10:02:37'),
(132,11,133,'Gresik','2021-03-22 10:02:37','2021-03-22 10:02:37'),
(133,11,160,'Jember','2021-03-22 10:02:37','2021-03-22 10:02:37'),
(134,11,164,'Jombang','2021-03-22 10:02:37','2021-03-22 10:02:37'),
(135,11,178,'Kediri','2021-03-22 10:02:37','2021-03-22 10:02:37'),
(136,11,179,'Kediri','2021-03-22 10:02:37','2021-03-22 10:02:37'),
(137,11,222,'Lamongan','2021-03-22 10:02:37','2021-03-22 10:02:37'),
(138,11,243,'Lumajang','2021-03-22 10:02:37','2021-03-22 10:02:37'),
(139,11,247,'Madiun','2021-03-22 10:02:37','2021-03-22 10:02:37'),
(140,11,248,'Madiun','2021-03-22 10:02:37','2021-03-22 10:02:37'),
(141,11,251,'Magetan','2021-03-22 10:02:37','2021-03-22 10:02:37'),
(142,11,255,'Malang','2021-03-22 10:02:37','2021-03-22 10:02:37'),
(143,11,256,'Malang','2021-03-22 10:02:37','2021-03-22 10:02:37'),
(144,11,289,'Mojokerto','2021-03-22 10:02:37','2021-03-22 10:02:37'),
(145,11,290,'Mojokerto','2021-03-22 10:02:37','2021-03-22 10:02:37'),
(146,11,305,'Nganjuk','2021-03-22 10:02:37','2021-03-22 10:02:37'),
(147,11,306,'Ngawi','2021-03-22 10:02:37','2021-03-22 10:02:37'),
(148,11,317,'Pacitan','2021-03-22 10:02:37','2021-03-22 10:02:37'),
(149,11,330,'Pamekasan','2021-03-22 10:02:37','2021-03-22 10:02:37'),
(150,11,342,'Pasuruan','2021-03-22 10:02:37','2021-03-22 10:02:37'),
(151,11,343,'Pasuruan','2021-03-22 10:02:37','2021-03-22 10:02:37'),
(152,11,363,'Ponorogo','2021-03-22 10:02:37','2021-03-22 10:02:37'),
(153,11,369,'Probolinggo','2021-03-22 10:02:37','2021-03-22 10:02:37'),
(154,11,370,'Probolinggo','2021-03-22 10:02:37','2021-03-22 10:02:37'),
(155,11,390,'Sampang','2021-03-22 10:02:37','2021-03-22 10:02:37'),
(156,11,409,'Sidoarjo','2021-03-22 10:02:37','2021-03-22 10:02:37'),
(157,11,418,'Situbondo','2021-03-22 10:02:37','2021-03-22 10:02:37'),
(158,11,441,'Sumenep','2021-03-22 10:02:37','2021-03-22 10:02:37'),
(159,11,444,'Surabaya','2021-03-22 10:02:37','2021-03-22 10:02:37'),
(160,11,487,'Trenggalek','2021-03-22 10:02:37','2021-03-22 10:02:37'),
(161,11,489,'Tuban','2021-03-22 10:02:37','2021-03-22 10:02:37'),
(162,11,492,'Tulungagung','2021-03-22 10:02:37','2021-03-22 10:02:37'),
(163,12,61,'Bengkayang','2021-03-22 10:02:45','2021-03-22 10:02:45'),
(164,12,168,'Kapuas Hulu','2021-03-22 10:02:45','2021-03-22 10:02:45'),
(165,12,176,'Kayong Utara','2021-03-22 10:02:45','2021-03-22 10:02:45'),
(166,12,195,'Ketapang','2021-03-22 10:02:45','2021-03-22 10:02:45'),
(167,12,208,'Kubu Raya','2021-03-22 10:02:45','2021-03-22 10:02:45'),
(168,12,228,'Landak','2021-03-22 10:02:45','2021-03-22 10:02:45'),
(169,12,279,'Melawi','2021-03-22 10:02:45','2021-03-22 10:02:45'),
(170,12,364,'Pontianak','2021-03-22 10:02:45','2021-03-22 10:02:45'),
(171,12,365,'Pontianak','2021-03-22 10:02:45','2021-03-22 10:02:45'),
(172,12,388,'Sambas','2021-03-22 10:02:45','2021-03-22 10:02:45'),
(173,12,391,'Sanggau','2021-03-22 10:02:45','2021-03-22 10:02:45'),
(174,12,395,'Sekadau','2021-03-22 10:02:45','2021-03-22 10:02:45'),
(175,12,415,'Singkawang','2021-03-22 10:02:45','2021-03-22 10:02:45'),
(176,12,417,'Sintang','2021-03-22 10:02:45','2021-03-22 10:02:45'),
(177,13,18,'Balangan','2021-03-22 10:02:46','2021-03-22 10:02:46'),
(178,13,33,'Banjar','2021-03-22 10:02:46','2021-03-22 10:02:46'),
(179,13,35,'Banjarbaru','2021-03-22 10:02:46','2021-03-22 10:02:46'),
(180,13,36,'Banjarmasin','2021-03-22 10:02:46','2021-03-22 10:02:46'),
(181,13,43,'Barito Kuala','2021-03-22 10:02:46','2021-03-22 10:02:46'),
(182,13,143,'Hulu Sungai Selatan','2021-03-22 10:02:46','2021-03-22 10:02:46'),
(183,13,144,'Hulu Sungai Tengah','2021-03-22 10:02:46','2021-03-22 10:02:46'),
(184,13,145,'Hulu Sungai Utara','2021-03-22 10:02:46','2021-03-22 10:02:46'),
(185,13,203,'Kotabaru','2021-03-22 10:02:46','2021-03-22 10:02:46'),
(186,13,446,'Tabalong','2021-03-22 10:02:46','2021-03-22 10:02:46'),
(187,13,452,'Tanah Bumbu','2021-03-22 10:02:46','2021-03-22 10:02:46'),
(188,13,454,'Tanah Laut','2021-03-22 10:02:46','2021-03-22 10:02:46'),
(189,13,466,'Tapin','2021-03-22 10:02:46','2021-03-22 10:02:46'),
(190,14,44,'Barito Selatan','2021-03-22 10:02:48','2021-03-22 10:02:48'),
(191,14,45,'Barito Timur','2021-03-22 10:02:48','2021-03-22 10:02:48'),
(192,14,46,'Barito Utara','2021-03-22 10:02:48','2021-03-22 10:02:48'),
(193,14,136,'Gunung Mas','2021-03-22 10:02:48','2021-03-22 10:02:48'),
(194,14,167,'Kapuas','2021-03-22 10:02:48','2021-03-22 10:02:48'),
(195,14,174,'Katingan','2021-03-22 10:02:48','2021-03-22 10:02:48'),
(196,14,205,'Kotawaringin Barat','2021-03-22 10:02:48','2021-03-22 10:02:48'),
(197,14,206,'Kotawaringin Timur','2021-03-22 10:02:48','2021-03-22 10:02:48'),
(198,14,221,'Lamandau','2021-03-22 10:02:48','2021-03-22 10:02:48'),
(199,14,296,'Murung Raya','2021-03-22 10:02:48','2021-03-22 10:02:48'),
(200,14,326,'Palangka Raya','2021-03-22 10:02:48','2021-03-22 10:02:48'),
(201,14,371,'Pulang Pisau','2021-03-22 10:02:48','2021-03-22 10:02:48'),
(202,14,405,'Seruyan','2021-03-22 10:02:48','2021-03-22 10:02:48'),
(203,14,432,'Sukamara','2021-03-22 10:02:48','2021-03-22 10:02:48'),
(204,15,19,'Balikpapan','2021-03-22 10:02:49','2021-03-22 10:02:49'),
(205,15,66,'Berau','2021-03-22 10:02:49','2021-03-22 10:02:49'),
(206,15,89,'Bontang','2021-03-22 10:02:49','2021-03-22 10:02:49'),
(207,15,214,'Kutai Barat','2021-03-22 10:02:49','2021-03-22 10:02:49'),
(208,15,215,'Kutai Kartanegara','2021-03-22 10:02:49','2021-03-22 10:02:49'),
(209,15,216,'Kutai Timur','2021-03-22 10:02:49','2021-03-22 10:02:49'),
(210,15,341,'Paser','2021-03-22 10:02:49','2021-03-22 10:02:49'),
(211,15,354,'Penajam Paser Utara','2021-03-22 10:02:49','2021-03-22 10:02:49'),
(212,15,387,'Samarinda','2021-03-22 10:02:49','2021-03-22 10:02:49'),
(213,16,96,'Bulungan (Bulongan)','2021-03-22 10:02:51','2021-03-22 10:02:51'),
(214,16,257,'Malinau','2021-03-22 10:02:51','2021-03-22 10:02:51'),
(215,16,311,'Nunukan','2021-03-22 10:02:51','2021-03-22 10:02:51'),
(216,16,450,'Tana Tidung','2021-03-22 10:02:51','2021-03-22 10:02:51'),
(217,16,467,'Tarakan','2021-03-22 10:02:51','2021-03-22 10:02:51'),
(218,17,48,'Batam','2021-03-22 10:02:53','2021-03-22 10:02:53'),
(219,17,71,'Bintan','2021-03-22 10:02:53','2021-03-22 10:02:53'),
(220,17,172,'Karimun','2021-03-22 10:02:53','2021-03-22 10:02:53'),
(221,17,184,'Kepulauan Anambas','2021-03-22 10:02:53','2021-03-22 10:02:53'),
(222,17,237,'Lingga','2021-03-22 10:02:53','2021-03-22 10:02:53'),
(223,17,302,'Natuna','2021-03-22 10:02:53','2021-03-22 10:02:53'),
(224,17,462,'Tanjung Pinang','2021-03-22 10:02:53','2021-03-22 10:02:53'),
(225,18,21,'Bandar Lampung','2021-03-22 10:02:54','2021-03-22 10:02:54'),
(226,18,223,'Lampung Barat','2021-03-22 10:02:54','2021-03-22 10:02:54'),
(227,18,224,'Lampung Selatan','2021-03-22 10:02:54','2021-03-22 10:02:54'),
(228,18,225,'Lampung Tengah','2021-03-22 10:02:54','2021-03-22 10:02:54'),
(229,18,226,'Lampung Timur','2021-03-22 10:02:54','2021-03-22 10:02:54'),
(230,18,227,'Lampung Utara','2021-03-22 10:02:54','2021-03-22 10:02:54'),
(231,18,282,'Mesuji','2021-03-22 10:02:54','2021-03-22 10:02:54'),
(232,18,283,'Metro','2021-03-22 10:02:54','2021-03-22 10:02:54'),
(233,18,355,'Pesawaran','2021-03-22 10:02:54','2021-03-22 10:02:54'),
(234,18,356,'Pesisir Barat','2021-03-22 10:02:54','2021-03-22 10:02:54'),
(235,18,368,'Pringsewu','2021-03-22 10:02:54','2021-03-22 10:02:54'),
(236,18,458,'Tanggamus','2021-03-22 10:02:54','2021-03-22 10:02:54'),
(237,18,490,'Tulang Bawang','2021-03-22 10:02:54','2021-03-22 10:02:54'),
(238,18,491,'Tulang Bawang Barat','2021-03-22 10:02:54','2021-03-22 10:02:54'),
(239,18,496,'Way Kanan','2021-03-22 10:02:54','2021-03-22 10:02:54'),
(240,19,14,'Ambon','2021-03-22 10:02:56','2021-03-22 10:02:56'),
(241,19,99,'Buru','2021-03-22 10:02:56','2021-03-22 10:02:56'),
(242,19,100,'Buru Selatan','2021-03-22 10:02:56','2021-03-22 10:02:56'),
(243,19,185,'Kepulauan Aru','2021-03-22 10:02:56','2021-03-22 10:02:56'),
(244,19,258,'Maluku Barat Daya','2021-03-22 10:02:56','2021-03-22 10:02:56'),
(245,19,259,'Maluku Tengah','2021-03-22 10:02:56','2021-03-22 10:02:56'),
(246,19,260,'Maluku Tenggara','2021-03-22 10:02:56','2021-03-22 10:02:56'),
(247,19,261,'Maluku Tenggara Barat','2021-03-22 10:02:56','2021-03-22 10:02:56'),
(248,19,400,'Seram Bagian Barat','2021-03-22 10:02:56','2021-03-22 10:02:56'),
(249,19,401,'Seram Bagian Timur','2021-03-22 10:02:56','2021-03-22 10:02:56'),
(250,19,488,'Tual','2021-03-22 10:02:56','2021-03-22 10:02:56'),
(251,20,138,'Halmahera Barat','2021-03-22 10:02:58','2021-03-22 10:02:58'),
(252,20,139,'Halmahera Selatan','2021-03-22 10:02:58','2021-03-22 10:02:58'),
(253,20,140,'Halmahera Tengah','2021-03-22 10:02:58','2021-03-22 10:02:58'),
(254,20,141,'Halmahera Timur','2021-03-22 10:02:58','2021-03-22 10:02:58'),
(255,20,142,'Halmahera Utara','2021-03-22 10:02:58','2021-03-22 10:02:58'),
(256,20,191,'Kepulauan Sula','2021-03-22 10:02:58','2021-03-22 10:02:58'),
(257,20,372,'Pulau Morotai','2021-03-22 10:02:58','2021-03-22 10:02:58'),
(258,20,477,'Ternate','2021-03-22 10:02:58','2021-03-22 10:02:58'),
(259,20,478,'Tidore Kepulauan','2021-03-22 10:02:58','2021-03-22 10:02:58'),
(260,21,1,'Aceh Barat','2021-03-22 10:02:59','2021-03-22 10:02:59'),
(261,21,2,'Aceh Barat Daya','2021-03-22 10:02:59','2021-03-22 10:02:59'),
(262,21,3,'Aceh Besar','2021-03-22 10:02:59','2021-03-22 10:02:59'),
(263,21,4,'Aceh Jaya','2021-03-22 10:02:59','2021-03-22 10:02:59'),
(264,21,5,'Aceh Selatan','2021-03-22 10:02:59','2021-03-22 10:02:59'),
(265,21,6,'Aceh Singkil','2021-03-22 10:02:59','2021-03-22 10:02:59'),
(266,21,7,'Aceh Tamiang','2021-03-22 10:02:59','2021-03-22 10:02:59'),
(267,21,8,'Aceh Tengah','2021-03-22 10:02:59','2021-03-22 10:02:59'),
(268,21,9,'Aceh Tenggara','2021-03-22 10:02:59','2021-03-22 10:02:59'),
(269,21,10,'Aceh Timur','2021-03-22 10:02:59','2021-03-22 10:02:59'),
(270,21,11,'Aceh Utara','2021-03-22 10:02:59','2021-03-22 10:02:59'),
(271,21,20,'Banda Aceh','2021-03-22 10:02:59','2021-03-22 10:02:59'),
(272,21,59,'Bener Meriah','2021-03-22 10:02:59','2021-03-22 10:02:59'),
(273,21,72,'Bireuen','2021-03-22 10:02:59','2021-03-22 10:02:59'),
(274,21,127,'Gayo Lues','2021-03-22 10:02:59','2021-03-22 10:02:59'),
(275,21,230,'Langsa','2021-03-22 10:02:59','2021-03-22 10:02:59'),
(276,21,235,'Lhokseumawe','2021-03-22 10:02:59','2021-03-22 10:02:59'),
(277,21,300,'Nagan Raya','2021-03-22 10:02:59','2021-03-22 10:02:59'),
(278,21,358,'Pidie','2021-03-22 10:02:59','2021-03-22 10:02:59'),
(279,21,359,'Pidie Jaya','2021-03-22 10:02:59','2021-03-22 10:02:59'),
(280,21,384,'Sabang','2021-03-22 10:02:59','2021-03-22 10:02:59'),
(281,21,414,'Simeulue','2021-03-22 10:02:59','2021-03-22 10:02:59'),
(282,21,429,'Subulussalam','2021-03-22 10:03:00','2021-03-22 10:03:00'),
(283,22,68,'Bima','2021-03-22 10:03:01','2021-03-22 10:03:01'),
(284,22,69,'Bima','2021-03-22 10:03:01','2021-03-22 10:03:01'),
(285,22,118,'Dompu','2021-03-22 10:03:01','2021-03-22 10:03:01'),
(286,22,238,'Lombok Barat','2021-03-22 10:03:01','2021-03-22 10:03:01'),
(287,22,239,'Lombok Tengah','2021-03-22 10:03:01','2021-03-22 10:03:01'),
(288,22,240,'Lombok Timur','2021-03-22 10:03:01','2021-03-22 10:03:01'),
(289,22,241,'Lombok Utara','2021-03-22 10:03:01','2021-03-22 10:03:01'),
(290,22,276,'Mataram','2021-03-22 10:03:01','2021-03-22 10:03:01'),
(291,22,438,'Sumbawa','2021-03-22 10:03:01','2021-03-22 10:03:01'),
(292,22,439,'Sumbawa Barat','2021-03-22 10:03:01','2021-03-22 10:03:01'),
(293,23,13,'Alor','2021-03-22 10:03:03','2021-03-22 10:03:03'),
(294,23,58,'Belu','2021-03-22 10:03:03','2021-03-22 10:03:03'),
(295,23,122,'Ende','2021-03-22 10:03:03','2021-03-22 10:03:03'),
(296,23,125,'Flores Timur','2021-03-22 10:03:03','2021-03-22 10:03:03'),
(297,23,212,'Kupang','2021-03-22 10:03:03','2021-03-22 10:03:03'),
(298,23,213,'Kupang','2021-03-22 10:03:03','2021-03-22 10:03:03'),
(299,23,234,'Lembata','2021-03-22 10:03:03','2021-03-22 10:03:03'),
(300,23,269,'Manggarai','2021-03-22 10:03:03','2021-03-22 10:03:03'),
(301,23,270,'Manggarai Barat','2021-03-22 10:03:03','2021-03-22 10:03:03'),
(302,23,271,'Manggarai Timur','2021-03-22 10:03:03','2021-03-22 10:03:03'),
(303,23,301,'Nagekeo','2021-03-22 10:03:03','2021-03-22 10:03:03'),
(304,23,304,'Ngada','2021-03-22 10:03:03','2021-03-22 10:03:03'),
(305,23,383,'Rote Ndao','2021-03-22 10:03:03','2021-03-22 10:03:03'),
(306,23,385,'Sabu Raijua','2021-03-22 10:03:03','2021-03-22 10:03:03'),
(307,23,412,'Sikka','2021-03-22 10:03:03','2021-03-22 10:03:03'),
(308,23,434,'Sumba Barat','2021-03-22 10:03:03','2021-03-22 10:03:03'),
(309,23,435,'Sumba Barat Daya','2021-03-22 10:03:03','2021-03-22 10:03:03'),
(310,23,436,'Sumba Tengah','2021-03-22 10:03:03','2021-03-22 10:03:03'),
(311,23,437,'Sumba Timur','2021-03-22 10:03:03','2021-03-22 10:03:03'),
(312,23,479,'Timor Tengah Selatan','2021-03-22 10:03:03','2021-03-22 10:03:03'),
(313,23,480,'Timor Tengah Utara','2021-03-22 10:03:03','2021-03-22 10:03:03'),
(314,24,16,'Asmat','2021-03-22 10:03:05','2021-03-22 10:03:05'),
(315,24,67,'Biak Numfor','2021-03-22 10:03:05','2021-03-22 10:03:05'),
(316,24,90,'Boven Digoel','2021-03-22 10:03:05','2021-03-22 10:03:05'),
(317,24,111,'Deiyai (Deliyai)','2021-03-22 10:03:05','2021-03-22 10:03:05'),
(318,24,117,'Dogiyai','2021-03-22 10:03:05','2021-03-22 10:03:05'),
(319,24,150,'Intan Jaya','2021-03-22 10:03:05','2021-03-22 10:03:05'),
(320,24,157,'Jayapura','2021-03-22 10:03:05','2021-03-22 10:03:05'),
(321,24,158,'Jayapura','2021-03-22 10:03:05','2021-03-22 10:03:05'),
(322,24,159,'Jayawijaya','2021-03-22 10:03:05','2021-03-22 10:03:05'),
(323,24,180,'Keerom','2021-03-22 10:03:05','2021-03-22 10:03:05'),
(324,24,193,'Kepulauan Yapen (Yapen Waropen)','2021-03-22 10:03:05','2021-03-22 10:03:05'),
(325,24,231,'Lanny Jaya','2021-03-22 10:03:05','2021-03-22 10:03:05'),
(326,24,263,'Mamberamo Raya','2021-03-22 10:03:05','2021-03-22 10:03:05'),
(327,24,264,'Mamberamo Tengah','2021-03-22 10:03:05','2021-03-22 10:03:05'),
(328,24,274,'Mappi','2021-03-22 10:03:05','2021-03-22 10:03:05'),
(329,24,281,'Merauke','2021-03-22 10:03:05','2021-03-22 10:03:05'),
(330,24,284,'Mimika','2021-03-22 10:03:05','2021-03-22 10:03:05'),
(331,24,299,'Nabire','2021-03-22 10:03:05','2021-03-22 10:03:05'),
(332,24,303,'Nduga','2021-03-22 10:03:05','2021-03-22 10:03:05'),
(333,24,335,'Paniai','2021-03-22 10:03:05','2021-03-22 10:03:05'),
(334,24,347,'Pegunungan Bintang','2021-03-22 10:03:05','2021-03-22 10:03:05'),
(335,24,373,'Puncak','2021-03-22 10:03:05','2021-03-22 10:03:05'),
(336,24,374,'Puncak Jaya','2021-03-22 10:03:05','2021-03-22 10:03:05'),
(337,24,392,'Sarmi','2021-03-22 10:03:05','2021-03-22 10:03:05'),
(338,24,443,'Supiori','2021-03-22 10:03:05','2021-03-22 10:03:05'),
(339,24,484,'Tolikara','2021-03-22 10:03:05','2021-03-22 10:03:05'),
(340,24,495,'Waropen','2021-03-22 10:03:05','2021-03-22 10:03:05'),
(341,24,499,'Yahukimo','2021-03-22 10:03:05','2021-03-22 10:03:05'),
(342,24,500,'Yalimo','2021-03-22 10:03:05','2021-03-22 10:03:05'),
(343,25,124,'Fakfak','2021-03-22 10:03:09','2021-03-22 10:03:09'),
(344,25,165,'Kaimana','2021-03-22 10:03:09','2021-03-22 10:03:09'),
(345,25,272,'Manokwari','2021-03-22 10:03:09','2021-03-22 10:03:09'),
(346,25,273,'Manokwari Selatan','2021-03-22 10:03:09','2021-03-22 10:03:09'),
(347,25,277,'Maybrat','2021-03-22 10:03:09','2021-03-22 10:03:09'),
(348,25,346,'Pegunungan Arfak','2021-03-22 10:03:09','2021-03-22 10:03:09'),
(349,25,378,'Raja Ampat','2021-03-22 10:03:09','2021-03-22 10:03:09'),
(350,25,424,'Sorong','2021-03-22 10:03:09','2021-03-22 10:03:09'),
(351,25,425,'Sorong','2021-03-22 10:03:09','2021-03-22 10:03:09'),
(352,25,426,'Sorong Selatan','2021-03-22 10:03:09','2021-03-22 10:03:09'),
(353,25,449,'Tambrauw','2021-03-22 10:03:09','2021-03-22 10:03:09'),
(354,25,474,'Teluk Bintuni','2021-03-22 10:03:09','2021-03-22 10:03:09'),
(355,25,475,'Teluk Wondama','2021-03-22 10:03:09','2021-03-22 10:03:09'),
(356,26,60,'Bengkalis','2021-03-22 10:03:11','2021-03-22 10:03:11'),
(357,26,120,'Dumai','2021-03-22 10:03:11','2021-03-22 10:03:11'),
(358,26,147,'Indragiri Hilir','2021-03-22 10:03:11','2021-03-22 10:03:11'),
(359,26,148,'Indragiri Hulu','2021-03-22 10:03:11','2021-03-22 10:03:11'),
(360,26,166,'Kampar','2021-03-22 10:03:11','2021-03-22 10:03:11'),
(361,26,187,'Kepulauan Meranti','2021-03-22 10:03:11','2021-03-22 10:03:11'),
(362,26,207,'Kuantan Singingi','2021-03-22 10:03:11','2021-03-22 10:03:11'),
(363,26,350,'Pekanbaru','2021-03-22 10:03:11','2021-03-22 10:03:11'),
(364,26,351,'Pelalawan','2021-03-22 10:03:11','2021-03-22 10:03:11'),
(365,26,381,'Rokan Hilir','2021-03-22 10:03:11','2021-03-22 10:03:11'),
(366,26,382,'Rokan Hulu','2021-03-22 10:03:11','2021-03-22 10:03:11'),
(367,26,406,'Siak','2021-03-22 10:03:11','2021-03-22 10:03:11'),
(368,27,253,'Majene','2021-03-22 10:03:13','2021-03-22 10:03:13'),
(369,27,262,'Mamasa','2021-03-22 10:03:13','2021-03-22 10:03:13'),
(370,27,265,'Mamuju','2021-03-22 10:03:13','2021-03-22 10:03:13'),
(371,27,266,'Mamuju Utara','2021-03-22 10:03:13','2021-03-22 10:03:13'),
(372,27,362,'Polewali Mandar','2021-03-22 10:03:13','2021-03-22 10:03:13'),
(373,28,38,'Bantaeng','2021-03-22 10:03:15','2021-03-22 10:03:15'),
(374,28,47,'Barru','2021-03-22 10:03:15','2021-03-22 10:03:15'),
(375,28,87,'Bone','2021-03-22 10:03:15','2021-03-22 10:03:15'),
(376,28,95,'Bulukumba','2021-03-22 10:03:15','2021-03-22 10:03:15'),
(377,28,123,'Enrekang','2021-03-22 10:03:15','2021-03-22 10:03:15'),
(378,28,132,'Gowa','2021-03-22 10:03:15','2021-03-22 10:03:15'),
(379,28,162,'Jeneponto','2021-03-22 10:03:15','2021-03-22 10:03:15'),
(380,28,244,'Luwu','2021-03-22 10:03:15','2021-03-22 10:03:15'),
(381,28,245,'Luwu Timur','2021-03-22 10:03:15','2021-03-22 10:03:15'),
(382,28,246,'Luwu Utara','2021-03-22 10:03:15','2021-03-22 10:03:15'),
(383,28,254,'Makassar','2021-03-22 10:03:15','2021-03-22 10:03:15'),
(384,28,275,'Maros','2021-03-22 10:03:15','2021-03-22 10:03:15'),
(385,28,328,'Palopo','2021-03-22 10:03:15','2021-03-22 10:03:15'),
(386,28,333,'Pangkajene Kepulauan','2021-03-22 10:03:15','2021-03-22 10:03:15'),
(387,28,336,'Parepare','2021-03-22 10:03:15','2021-03-22 10:03:15'),
(388,28,360,'Pinrang','2021-03-22 10:03:15','2021-03-22 10:03:15'),
(389,28,396,'Selayar (Kepulauan Selayar)','2021-03-22 10:03:15','2021-03-22 10:03:15'),
(390,28,408,'Sidenreng Rappang/Rapang','2021-03-22 10:03:15','2021-03-22 10:03:15'),
(391,28,416,'Sinjai','2021-03-22 10:03:15','2021-03-22 10:03:15'),
(392,28,423,'Soppeng','2021-03-22 10:03:15','2021-03-22 10:03:15'),
(393,28,448,'Takalar','2021-03-22 10:03:15','2021-03-22 10:03:15'),
(394,28,451,'Tana Toraja','2021-03-22 10:03:15','2021-03-22 10:03:15'),
(395,28,486,'Toraja Utara','2021-03-22 10:03:15','2021-03-22 10:03:15'),
(396,28,493,'Wajo','2021-03-22 10:03:15','2021-03-22 10:03:15'),
(397,29,25,'Banggai','2021-03-22 10:03:16','2021-03-22 10:03:16'),
(398,29,26,'Banggai Kepulauan','2021-03-22 10:03:16','2021-03-22 10:03:16'),
(399,29,98,'Buol','2021-03-22 10:03:16','2021-03-22 10:03:16'),
(400,29,119,'Donggala','2021-03-22 10:03:16','2021-03-22 10:03:16'),
(401,29,291,'Morowali','2021-03-22 10:03:16','2021-03-22 10:03:16'),
(402,29,329,'Palu','2021-03-22 10:03:16','2021-03-22 10:03:16'),
(403,29,338,'Parigi Moutong','2021-03-22 10:03:16','2021-03-22 10:03:16'),
(404,29,366,'Poso','2021-03-22 10:03:16','2021-03-22 10:03:16'),
(405,29,410,'Sigi','2021-03-22 10:03:16','2021-03-22 10:03:16'),
(406,29,482,'Tojo Una-Una','2021-03-22 10:03:16','2021-03-22 10:03:16'),
(407,29,483,'Toli-Toli','2021-03-22 10:03:16','2021-03-22 10:03:16'),
(408,30,53,'Bau-Bau','2021-03-22 10:03:18','2021-03-22 10:03:18'),
(409,30,85,'Bombana','2021-03-22 10:03:18','2021-03-22 10:03:18'),
(410,30,101,'Buton','2021-03-22 10:03:18','2021-03-22 10:03:18'),
(411,30,102,'Buton Utara','2021-03-22 10:03:18','2021-03-22 10:03:18'),
(412,30,182,'Kendari','2021-03-22 10:03:18','2021-03-22 10:03:18'),
(413,30,198,'Kolaka','2021-03-22 10:03:18','2021-03-22 10:03:18'),
(414,30,199,'Kolaka Utara','2021-03-22 10:03:18','2021-03-22 10:03:18'),
(415,30,200,'Konawe','2021-03-22 10:03:18','2021-03-22 10:03:18'),
(416,30,201,'Konawe Selatan','2021-03-22 10:03:18','2021-03-22 10:03:18'),
(417,30,202,'Konawe Utara','2021-03-22 10:03:18','2021-03-22 10:03:18'),
(418,30,295,'Muna','2021-03-22 10:03:18','2021-03-22 10:03:18'),
(419,30,494,'Wakatobi','2021-03-22 10:03:18','2021-03-22 10:03:18'),
(420,31,73,'Bitung','2021-03-22 10:03:20','2021-03-22 10:03:20'),
(421,31,81,'Bolaang Mongondow (Bolmong)','2021-03-22 10:03:20','2021-03-22 10:03:20'),
(422,31,82,'Bolaang Mongondow Selatan','2021-03-22 10:03:20','2021-03-22 10:03:20'),
(423,31,83,'Bolaang Mongondow Timur','2021-03-22 10:03:20','2021-03-22 10:03:20'),
(424,31,84,'Bolaang Mongondow Utara','2021-03-22 10:03:20','2021-03-22 10:03:20'),
(425,31,188,'Kepulauan Sangihe','2021-03-22 10:03:20','2021-03-22 10:03:20'),
(426,31,190,'Kepulauan Siau Tagulandang Biaro (Sitaro)','2021-03-22 10:03:20','2021-03-22 10:03:20'),
(427,31,192,'Kepulauan Talaud','2021-03-22 10:03:20','2021-03-22 10:03:20'),
(428,31,204,'Kotamobagu','2021-03-22 10:03:20','2021-03-22 10:03:20'),
(429,31,267,'Manado','2021-03-22 10:03:20','2021-03-22 10:03:20'),
(430,31,285,'Minahasa','2021-03-22 10:03:20','2021-03-22 10:03:20'),
(431,31,286,'Minahasa Selatan','2021-03-22 10:03:20','2021-03-22 10:03:20'),
(432,31,287,'Minahasa Tenggara','2021-03-22 10:03:20','2021-03-22 10:03:20'),
(433,31,288,'Minahasa Utara','2021-03-22 10:03:20','2021-03-22 10:03:20'),
(434,31,485,'Tomohon','2021-03-22 10:03:20','2021-03-22 10:03:20'),
(435,32,12,'Agam','2021-03-22 10:03:22','2021-03-22 10:03:22'),
(436,32,93,'Bukittinggi','2021-03-22 10:03:22','2021-03-22 10:03:22'),
(437,32,116,'Dharmasraya','2021-03-22 10:03:22','2021-03-22 10:03:22'),
(438,32,186,'Kepulauan Mentawai','2021-03-22 10:03:22','2021-03-22 10:03:22'),
(439,32,236,'Lima Puluh Koto/Kota','2021-03-22 10:03:22','2021-03-22 10:03:22'),
(440,32,318,'Padang','2021-03-22 10:03:22','2021-03-22 10:03:22'),
(441,32,321,'Padang Panjang','2021-03-22 10:03:22','2021-03-22 10:03:22'),
(442,32,322,'Padang Pariaman','2021-03-22 10:03:22','2021-03-22 10:03:22'),
(443,32,337,'Pariaman','2021-03-22 10:03:22','2021-03-22 10:03:22'),
(444,32,339,'Pasaman','2021-03-22 10:03:22','2021-03-22 10:03:22'),
(445,32,340,'Pasaman Barat','2021-03-22 10:03:22','2021-03-22 10:03:22'),
(446,32,345,'Payakumbuh','2021-03-22 10:03:22','2021-03-22 10:03:22'),
(447,32,357,'Pesisir Selatan','2021-03-22 10:03:22','2021-03-22 10:03:22'),
(448,32,394,'Sawah Lunto','2021-03-22 10:03:22','2021-03-22 10:03:22'),
(449,32,411,'Sijunjung (Sawah Lunto Sijunjung)','2021-03-22 10:03:22','2021-03-22 10:03:22'),
(450,32,420,'Solok','2021-03-22 10:03:22','2021-03-22 10:03:22'),
(451,32,421,'Solok','2021-03-22 10:03:22','2021-03-22 10:03:22'),
(452,32,422,'Solok Selatan','2021-03-22 10:03:22','2021-03-22 10:03:22'),
(453,32,453,'Tanah Datar','2021-03-22 10:03:22','2021-03-22 10:03:22'),
(454,33,40,'Banyuasin','2021-03-22 10:03:23','2021-03-22 10:03:23'),
(455,33,121,'Empat Lawang','2021-03-22 10:03:23','2021-03-22 10:03:23'),
(456,33,220,'Lahat','2021-03-22 10:03:23','2021-03-22 10:03:23'),
(457,33,242,'Lubuk Linggau','2021-03-22 10:03:23','2021-03-22 10:03:23'),
(458,33,292,'Muara Enim','2021-03-22 10:03:23','2021-03-22 10:03:23'),
(459,33,297,'Musi Banyuasin','2021-03-22 10:03:23','2021-03-22 10:03:23'),
(460,33,298,'Musi Rawas','2021-03-22 10:03:23','2021-03-22 10:03:23'),
(461,33,312,'Ogan Ilir','2021-03-22 10:03:23','2021-03-22 10:03:23'),
(462,33,313,'Ogan Komering Ilir','2021-03-22 10:03:23','2021-03-22 10:03:23'),
(463,33,314,'Ogan Komering Ulu','2021-03-22 10:03:23','2021-03-22 10:03:23'),
(464,33,315,'Ogan Komering Ulu Selatan','2021-03-22 10:03:23','2021-03-22 10:03:23'),
(465,33,316,'Ogan Komering Ulu Timur','2021-03-22 10:03:23','2021-03-22 10:03:23'),
(466,33,324,'Pagar Alam','2021-03-22 10:03:23','2021-03-22 10:03:23'),
(467,33,327,'Palembang','2021-03-22 10:03:23','2021-03-22 10:03:23'),
(468,33,367,'Prabumulih','2021-03-22 10:03:23','2021-03-22 10:03:23'),
(469,34,15,'Asahan','2021-03-22 10:03:25','2021-03-22 10:03:25'),
(470,34,52,'Batu Bara','2021-03-22 10:03:25','2021-03-22 10:03:25'),
(471,34,70,'Binjai','2021-03-22 10:03:25','2021-03-22 10:03:25'),
(472,34,110,'Dairi','2021-03-22 10:03:25','2021-03-22 10:03:25'),
(473,34,112,'Deli Serdang','2021-03-22 10:03:25','2021-03-22 10:03:25'),
(474,34,137,'Gunungsitoli','2021-03-22 10:03:25','2021-03-22 10:03:25'),
(475,34,146,'Humbang Hasundutan','2021-03-22 10:03:25','2021-03-22 10:03:25'),
(476,34,173,'Karo','2021-03-22 10:03:25','2021-03-22 10:03:25'),
(477,34,217,'Labuhan Batu','2021-03-22 10:03:25','2021-03-22 10:03:25'),
(478,34,218,'Labuhan Batu Selatan','2021-03-22 10:03:25','2021-03-22 10:03:25'),
(479,34,219,'Labuhan Batu Utara','2021-03-22 10:03:25','2021-03-22 10:03:25'),
(480,34,229,'Langkat','2021-03-22 10:03:25','2021-03-22 10:03:25'),
(481,34,268,'Mandailing Natal','2021-03-22 10:03:25','2021-03-22 10:03:25'),
(482,34,278,'Medan','2021-03-22 10:03:25','2021-03-22 10:03:25'),
(483,34,307,'Nias','2021-03-22 10:03:25','2021-03-22 10:03:25'),
(484,34,308,'Nias Barat','2021-03-22 10:03:25','2021-03-22 10:03:25'),
(485,34,309,'Nias Selatan','2021-03-22 10:03:25','2021-03-22 10:03:25'),
(486,34,310,'Nias Utara','2021-03-22 10:03:25','2021-03-22 10:03:25'),
(487,34,319,'Padang Lawas','2021-03-22 10:03:25','2021-03-22 10:03:25'),
(488,34,320,'Padang Lawas Utara','2021-03-22 10:03:25','2021-03-22 10:03:25'),
(489,34,323,'Padang Sidempuan','2021-03-22 10:03:25','2021-03-22 10:03:25'),
(490,34,325,'Pakpak Bharat','2021-03-22 10:03:25','2021-03-22 10:03:25'),
(491,34,353,'Pematang Siantar','2021-03-22 10:03:25','2021-03-22 10:03:25'),
(492,34,389,'Samosir','2021-03-22 10:03:25','2021-03-22 10:03:25'),
(493,34,404,'Serdang Bedagai','2021-03-22 10:03:25','2021-03-22 10:03:25'),
(494,34,407,'Sibolga','2021-03-22 10:03:25','2021-03-22 10:03:25'),
(495,34,413,'Simalungun','2021-03-22 10:03:25','2021-03-22 10:03:25'),
(496,34,459,'Tanjung Balai','2021-03-22 10:03:25','2021-03-22 10:03:25'),
(497,34,463,'Tapanuli Selatan','2021-03-22 10:03:25','2021-03-22 10:03:25'),
(498,34,464,'Tapanuli Tengah','2021-03-22 10:03:25','2021-03-22 10:03:25'),
(499,34,465,'Tapanuli Utara','2021-03-22 10:03:25','2021-03-22 10:03:25'),
(500,34,470,'Tebing Tinggi','2021-03-22 10:03:25','2021-03-22 10:03:25'),
(501,34,481,'Toba Samosir','2021-03-22 10:03:25','2021-03-22 10:03:25');

/*Table structure for table `costumer` */

DROP TABLE IF EXISTS `costumer`;

CREATE TABLE `costumer` (
  `id` int(10) unsigned NOT NULL AUTO_INCREMENT,
  `name` varchar(255) COLLATE utf8mb4_unicode_ci NOT NULL,
  `email` varchar(255) COLLATE utf8mb4_unicode_ci NOT NULL,
  `password` varchar(255) COLLATE utf8mb4_unicode_ci NOT NULL,
  `is_editor` tinyint(1) NOT NULL DEFAULT 0,
  `remember_token` varchar(100) COLLATE utf8mb4_unicode_ci DEFAULT NULL,
  `created_at` timestamp NULL DEFAULT NULL,
  `updated_at` timestamp NULL DEFAULT NULL,
  PRIMARY KEY (`id`),
  UNIQUE KEY `costumer_email_unique` (`email`)
) ENGINE=InnoDB DEFAULT CHARSET=utf8mb4 COLLATE=utf8mb4_unicode_ci;

/*Data for the table `costumer` */

/*Table structure for table `couriers` */

DROP TABLE IF EXISTS `couriers`;

CREATE TABLE `couriers` (
  `id` int(10) unsigned NOT NULL AUTO_INCREMENT,
  `code` varchar(191) COLLATE utf8mb4_unicode_ci NOT NULL,
  `courier` varchar(191) COLLATE utf8mb4_unicode_ci NOT NULL,
  `created_at` timestamp NULL DEFAULT NULL,
  `updated_at` timestamp NULL DEFAULT NULL,
  `deleted_at` timestamp NULL DEFAULT NULL,
  PRIMARY KEY (`id`)
) ENGINE=InnoDB AUTO_INCREMENT=5 DEFAULT CHARSET=utf8mb4 COLLATE=utf8mb4_unicode_ci;

/*Data for the table `couriers` */

insert  into `couriers`(`id`,`code`,`courier`,`created_at`,`updated_at`,`deleted_at`) values 
(1,'jne','JNE','2021-03-22 18:01:34','2021-03-22 18:01:39',NULL),
(2,'pos','POS','2021-03-22 18:01:36','2021-03-22 18:01:41',NULL),
(3,'tiki','TIKI','2021-03-22 18:01:38','2021-06-13 15:23:31',NULL),
(4,'TIKITAKA','TIKITAKAAAASSSSSS','2021-06-13 15:57:58','2021-06-13 16:11:57','2021-06-13 16:11:57');

/*Table structure for table `discounts` */

DROP TABLE IF EXISTS `discounts`;

CREATE TABLE `discounts` (
  `id` int(10) NOT NULL AUTO_INCREMENT,
  `id_product` int(10) unsigned DEFAULT NULL,
  `percentage` int(3) DEFAULT NULL,
  `start` date DEFAULT NULL,
  `end` date DEFAULT NULL,
  `created_at` timestamp NULL DEFAULT NULL,
  `updated_at` timestamp NULL DEFAULT NULL,
  PRIMARY KEY (`id`),
  KEY `id_product` (`id_product`),
  CONSTRAINT `discounts_ibfk_1` FOREIGN KEY (`id_product`) REFERENCES `products` (`id`)
) ENGINE=InnoDB AUTO_INCREMENT=12 DEFAULT CHARSET=latin1;

/*Data for the table `discounts` */

insert  into `discounts`(`id`,`id_product`,`percentage`,`start`,`end`,`created_at`,`updated_at`) values 
(2,7,10,'2021-05-13','2021-05-31',NULL,NULL),
(3,9,5,'2021-05-14','2021-06-01',NULL,NULL),
(5,1,55,'2021-06-15','2021-06-19','2021-06-13 14:55:57','2021-06-13 17:04:20'),
(11,1,22,'2021-06-14','2021-06-14','2021-06-13 17:04:36','2021-06-13 17:04:36');

/*Table structure for table `failed_jobs` */

DROP TABLE IF EXISTS `failed_jobs`;

CREATE TABLE `failed_jobs` (
  `id` bigint(20) unsigned NOT NULL AUTO_INCREMENT,
  `connection` text COLLATE utf8mb4_unicode_ci NOT NULL,
  `queue` text COLLATE utf8mb4_unicode_ci NOT NULL,
  `payload` longtext COLLATE utf8mb4_unicode_ci NOT NULL,
  `exception` longtext COLLATE utf8mb4_unicode_ci NOT NULL,
  `failed_at` timestamp NOT NULL DEFAULT current_timestamp(),
  PRIMARY KEY (`id`)
) ENGINE=InnoDB DEFAULT CHARSET=utf8mb4 COLLATE=utf8mb4_unicode_ci;

/*Data for the table `failed_jobs` */

/*Table structure for table `migrations` */

DROP TABLE IF EXISTS `migrations`;

CREATE TABLE `migrations` (
  `id` int(10) unsigned NOT NULL AUTO_INCREMENT,
  `migration` varchar(191) COLLATE utf8mb4_unicode_ci NOT NULL,
  `batch` int(11) NOT NULL,
  PRIMARY KEY (`id`)
) ENGINE=InnoDB AUTO_INCREMENT=27 DEFAULT CHARSET=utf8mb4 COLLATE=utf8mb4_unicode_ci;

/*Data for the table `migrations` */

insert  into `migrations`(`id`,`migration`,`batch`) values 
(1,'2014_10_12_000000_create_users_table',1),
(2,'2014_10_12_100000_create_password_resets_table',1),
(3,'2019_02_15_123603_create_admins_table',1),
(4,'2019_02_15_123744_create_sellers_table',1),
(5,'2019_02_15_125445_create_products_table',1),
(6,'2019_02_15_130341_create_product_images_table',1),
(7,'2019_02_15_131114_create_transactions_table',1),
(8,'2019_02_15_131132_create_transaction_details_table',1),
(9,'2019_02_15_132352_create_product_categories_table',1),
(10,'2019_02_15_132701_create_carts_table',1),
(11,'2019_02_15_134220_create_wishlists_table',1),
(12,'2019_02_16_044815_create_rates_table',1),
(13,'2019_02_16_045411_create_product_reviews_table',1),
(14,'2019_02_16_062504_create_qna_products_table',1),
(15,'2019_02_16_063238_create_shopping_voucers_table',1),
(16,'2019_02_16_064643_create_couriers_table',1),
(17,'2019_02_16_102028_create_notifications_table',1),
(18,'2019_02_16_103007_create_seller_notifications_table',1),
(19,'2019_02_16_103024_create_user_notifications_table',1),
(23,'2019_08_19_000000_create_failed_jobs_table',2),
(24,'2021_03_22_094102_create_provinces_table',2),
(25,'2021_03_22_094120_create_cities_table',2),
(26,'2021_03_22_014416_create_couriers_table',2);

/*Table structure for table `password_resets` */

DROP TABLE IF EXISTS `password_resets`;

CREATE TABLE `password_resets` (
  `email` varchar(191) COLLATE utf8mb4_unicode_ci NOT NULL,
  `token` varchar(191) COLLATE utf8mb4_unicode_ci NOT NULL,
  `created_at` timestamp NULL DEFAULT NULL,
  KEY `password_resets_email_index` (`email`)
) ENGINE=InnoDB DEFAULT CHARSET=utf8mb4 COLLATE=utf8mb4_unicode_ci;

/*Data for the table `password_resets` */

insert  into `password_resets`(`email`,`token`,`created_at`) values 
('smara.putra2001@gmail.com','$2y$10$nEJyogBi395Xr5Gq6oYy3uP.ECNV/WrscVclHB2Zj0fBOdEy3FlKO','2021-05-17 13:48:00');

/*Table structure for table `product_categories` */

DROP TABLE IF EXISTS `product_categories`;

CREATE TABLE `product_categories` (
  `id` int(10) unsigned NOT NULL AUTO_INCREMENT,
  `category_name` varchar(191) COLLATE utf8mb4_unicode_ci NOT NULL,
  `created_at` timestamp NULL DEFAULT NULL,
  `updated_at` timestamp NULL DEFAULT NULL,
  `deleted_at` timestamp NULL DEFAULT NULL,
  PRIMARY KEY (`id`)
) ENGINE=InnoDB AUTO_INCREMENT=10 DEFAULT CHARSET=utf8mb4 COLLATE=utf8mb4_unicode_ci;

/*Data for the table `product_categories` */

insert  into `product_categories`(`id`,`category_name`,`created_at`,`updated_at`,`deleted_at`) values 
(1,'Samsung',NULL,NULL,NULL),
(2,'Apple',NULL,NULL,NULL),
(3,'Xiaomi',NULL,NULL,NULL),
(4,'Nokia',NULL,NULL,NULL),
(5,'Smartwatch',NULL,NULL,NULL),
(6,'Oppo',NULL,NULL,NULL);

/*Table structure for table `product_category_details` */

DROP TABLE IF EXISTS `product_category_details`;

CREATE TABLE `product_category_details` (
  `id` int(10) unsigned NOT NULL AUTO_INCREMENT,
  `product_id` int(10) unsigned NOT NULL,
  `category_id` int(10) unsigned NOT NULL,
  `created_at` timestamp NOT NULL DEFAULT current_timestamp() ON UPDATE current_timestamp(),
  `updated_at` timestamp NOT NULL DEFAULT current_timestamp(),
  PRIMARY KEY (`id`),
  KEY `product_id` (`product_id`),
  KEY `category_id` (`category_id`),
  CONSTRAINT `product_category_details_ibfk_1` FOREIGN KEY (`product_id`) REFERENCES `products` (`id`),
  CONSTRAINT `product_category_details_ibfk_2` FOREIGN KEY (`category_id`) REFERENCES `product_categories` (`id`)
) ENGINE=InnoDB AUTO_INCREMENT=57 DEFAULT CHARSET=latin1;

/*Data for the table `product_category_details` */

insert  into `product_category_details`(`id`,`product_id`,`category_id`,`created_at`,`updated_at`) values 
(2,2,3,'2021-03-12 10:37:28','0000-00-00 00:00:00'),
(4,4,2,'2021-03-12 10:37:25','0000-00-00 00:00:00'),
(5,5,4,'2021-03-12 08:20:20','0000-00-00 00:00:00'),
(13,10,3,'2021-05-14 17:33:31','0000-00-00 00:00:00'),
(21,6,5,'2021-06-12 23:58:34','2021-06-12 23:58:34'),
(22,6,4,'2021-06-12 23:59:04','2021-06-12 23:59:04'),
(24,6,6,'2021-06-13 00:00:35','2021-06-13 00:00:35'),
(52,9,6,'2021-06-13 17:27:13','2021-06-13 17:17:39'),
(53,1,1,'2021-06-13 19:45:07','2021-06-13 17:17:39'),
(54,7,1,'2021-06-13 19:45:08','2021-06-13 17:17:39'),
(55,8,1,'2021-06-13 19:45:09','2021-06-13 17:17:39');

/*Table structure for table `product_images` */

DROP TABLE IF EXISTS `product_images`;

CREATE TABLE `product_images` (
  `id` int(10) unsigned NOT NULL AUTO_INCREMENT,
  `product_id` int(10) unsigned NOT NULL,
  `image_name` varchar(191) COLLATE utf8mb4_unicode_ci NOT NULL,
  `created_at` timestamp NULL DEFAULT NULL,
  `updated_at` timestamp NULL DEFAULT NULL,
  PRIMARY KEY (`id`),
  KEY `product_id` (`product_id`),
  CONSTRAINT `product_images_ibfk_1` FOREIGN KEY (`product_id`) REFERENCES `products` (`id`)
) ENGINE=InnoDB AUTO_INCREMENT=43 DEFAULT CHARSET=utf8mb4 COLLATE=utf8mb4_unicode_ci;

/*Data for the table `product_images` */

insert  into `product_images`(`id`,`product_id`,`image_name`,`created_at`,`updated_at`) values 
(1,1,'samsung.jpg',NULL,NULL),
(2,1,'samsung1.jpg',NULL,NULL),
(3,1,'samsung2.jpg',NULL,NULL),
(5,2,'xiaomimimix2w.jpg',NULL,NULL),
(6,2,'xiaomimimix2b.jpg',NULL,NULL),
(9,4,'iphone.png',NULL,NULL),
(10,4,'iphone1.png',NULL,NULL),
(11,4,'iphone2.png',NULL,NULL),
(12,5,'nokialumia1520.jpg',NULL,NULL),
(13,5,'nokialumia1520a.jpg',NULL,NULL),
(14,6,'watch1.png',NULL,NULL),
(15,6,'watch2.png',NULL,NULL),
(16,7,'samsunga1.jpg',NULL,NULL),
(17,8,'galaxyfit2.jpg',NULL,NULL),
(18,9,'xiaomimiband5.jpg',NULL,NULL),
(19,10,'redmi9a.jpg',NULL,NULL);

/*Table structure for table `product_reviews` */

DROP TABLE IF EXISTS `product_reviews`;

CREATE TABLE `product_reviews` (
  `id` int(10) unsigned NOT NULL AUTO_INCREMENT,
  `product_id` int(10) unsigned NOT NULL,
  `user_id` int(10) unsigned NOT NULL,
  `transaction_id` int(10) unsigned NOT NULL,
  `rate` int(1) NOT NULL,
  `content` text COLLATE utf8mb4_unicode_ci NOT NULL,
  `created_at` timestamp NULL DEFAULT NULL,
  `updated_at` timestamp NULL DEFAULT NULL,
  `deleted_at` timestamp NULL DEFAULT NULL,
  PRIMARY KEY (`id`),
  KEY `user_id` (`user_id`),
  KEY `rate_id` (`rate`),
  KEY `product_id` (`product_id`),
  CONSTRAINT `product_reviews_ibfk_1` FOREIGN KEY (`user_id`) REFERENCES `users` (`id`),
  CONSTRAINT `product_reviews_ibfk_3` FOREIGN KEY (`product_id`) REFERENCES `products` (`id`)
) ENGINE=InnoDB AUTO_INCREMENT=15 DEFAULT CHARSET=utf8mb4 COLLATE=utf8mb4_unicode_ci;

/*Data for the table `product_reviews` */

insert  into `product_reviews`(`id`,`product_id`,`user_id`,`transaction_id`,`rate`,`content`,`created_at`,`updated_at`,`deleted_at`) values 
(3,1,1,76,4,'Komen Baru Lagi','2021-03-12 11:26:01','2021-05-27 17:24:20',NULL),
(4,2,1,0,5,'asdfg','2021-05-14 05:47:04','2021-05-14 05:47:04',NULL),
(5,8,2,0,4,'Bagus Bet Ni Jam','2021-05-14 08:58:38','2021-05-14 08:58:38',NULL),
(6,8,1,0,5,'Bagus bangg','2021-05-14 08:59:52','2021-05-14 08:59:52',NULL),
(8,6,1,0,1,'Ini Komen Update SmartApple','2021-05-27 17:57:10','2021-06-12 18:00:35',NULL),
(9,1,2,0,1,'Kle mati hape ku ci','2021-05-27 18:20:02','2021-05-27 18:23:02',NULL),
(10,1,1,78,5,'Sampai beli 2xxxxxxxxxxxxxxxxxxxxxx banggg','2021-05-29 03:32:13','2021-05-29 07:00:17',NULL),
(11,1,1,79,3,'SAMPE 3XXXXXXXXXX BELI','2021-05-29 03:34:39','2021-05-29 03:34:39',NULL),
(12,2,1,76,4,'Gilaaa','2021-05-29 06:59:54','2021-05-29 06:59:54',NULL),
(13,1,1,82,5,'Sampai beli berkali-kali banggg','2021-05-29 09:37:42','2021-05-29 09:37:42',NULL),
(14,8,1,86,3,'Best Watch Ever (Tapi Boong)','2021-05-29 15:37:55','2021-05-29 15:38:21',NULL);

/*Table structure for table `products` */

DROP TABLE IF EXISTS `products`;

CREATE TABLE `products` (
  `id` int(10) unsigned NOT NULL AUTO_INCREMENT,
  `product_name` varchar(191) COLLATE utf8mb4_unicode_ci NOT NULL,
  `price` int(11) NOT NULL,
  `description` text COLLATE utf8mb4_unicode_ci NOT NULL,
  `product_rate` double DEFAULT NULL,
  `created_at` timestamp NULL DEFAULT NULL,
  `updated_at` timestamp NULL DEFAULT NULL,
  `deleted_at` timestamp NULL DEFAULT NULL,
  `stock` int(10) DEFAULT NULL,
  `weight` int(3) DEFAULT NULL,
  `slug` varchar(191) COLLATE utf8mb4_unicode_ci DEFAULT NULL,
  PRIMARY KEY (`id`)
) ENGINE=InnoDB AUTO_INCREMENT=47 DEFAULT CHARSET=utf8mb4 COLLATE=utf8mb4_unicode_ci;

/*Data for the table `products` */

insert  into `products`(`id`,`product_name`,`price`,`description`,`product_rate`,`created_at`,`updated_at`,`deleted_at`,`stock`,`weight`,`slug`) values 
(1,'Samsung S21',14000000,'Lorem ipsum dolor sit amet, consectetur adipiscing elit. Ut tempus ut risus non suscipit. Etiam sem erat, suscipit id eleifend non, commodo eget urna. Nullam suscipit, neque eu tempus tristique, tortor dolor varius nisl, eu auctor sem est vel ante. Donec in sagittis eros. Aliquam pharetra augue arcu, a cursus felis hendrerit et. Suspendisse potenti. Nunc ut tellus erat. Phasellus eleifend mattis mattis. Integer venenatis sit amet nibh eget pulvinar.',3.6,'2021-03-22 19:07:10','2021-06-06 12:42:07',NULL,1,1000,'samsung-s21'),
(2,'Xiaomi Mi Mix 2',3500000,'Lorem ipsum dolor sit amet, consectetur adipiscing elit. Ut tempus ut risus non suscipit. Etiam sem erat, suscipit id eleifend non, commodo eget urna. Nullam suscipit, neque eu tempus tristique, tortor dolor varius nisl, eu auctor sem est vel ante. Donec in sagittis eros. Aliquam pharetra augue arcu, a cursus felis hendrerit et. Suspendisse potenti. Nunc ut tellus erat. Phasellus eleifend mattis mattis. Integer venenatis sit amet nibh eget pulvinar.',4.5,'2021-03-22 19:07:12','2021-05-29 06:59:54',NULL,5,1000,'mi-mix-2'),
(4,'Iphone SE 2020',7149000,'Lorem ipsum dolor sit amet, consectetur adipiscing elit. Ut tempus ut risus non suscipit. Etiam sem erat, suscipit id eleifend non, commodo eget urna. Nullam suscipit, neque eu tempus tristique, tortor dolor varius nisl, eu auctor sem est vel ante. Donec in sagittis eros. Aliquam pharetra augue arcu, a cursus felis hendrerit et. Suspendisse potenti. Nunc ut tellus erat. Phasellus eleifend mattis mattis. Integer venenatis sit amet nibh eget pulvinar.',NULL,'2021-03-22 19:07:14','2021-03-22 19:07:20',NULL,0,1000,'iphone-se-2020'),
(5,'Nokia Lumia 1520',2020000,'Lorem ipsum dolor sit amet, consectetur adipiscing elit. Ut tempus ut risus non suscipit. Etiam sem erat, suscipit id eleifend non, commodo eget urna. Nullam suscipit, neque eu tempus tristique, tortor dolor varius nisl, eu auctor sem est vel ante. Donec in sagittis eros. Aliquam pharetra augue arcu, a cursus felis hendrerit et. Suspendisse potenti. Nunc ut tellus erat. Phasellus eleifend mattis mattis. Integer venenatis sit amet nibh eget pulvinar.',NULL,'2021-03-22 19:07:15','2021-03-22 19:07:22',NULL,0,1000,'lumia-1520'),
(6,'Smartwatch Apple',1230000,'Lorem ipsum dolor sit amet, consectetur adipiscing elit. Ut tempus ut risus non suscipit. Etiam sem erat, suscipit id eleifend non, commodo eget urna. Nullam suscipit, neque eu tempus tristique, tortor dolor varius nisl, eu auctor sem est vel ante. Donec in sagittis eros. Aliquam pharetra augue arcu, a cursus felis hendrerit et. Suspendisse potenti. Nunc ut tellus erat. Phasellus eleifend mattis mattis. Integer venenatis sit amet nibh eget pulvinar.',1,'2021-04-22 19:07:16','2021-05-27 17:59:22',NULL,2,1000,'smartwatch-apple'),
(7,'Samsung A 11',14242424,'Lorem ipsum dolor sit amet, consectetur adipiscing elit. Ut tempus ut risus non suscipit. Etiam sem erat, suscipit id eleifend non, commodo eget urna. Nullam suscipit, neque eu tempus tristique, tortor dolor varius nisl, eu auctor sem est vel ante. Donec in sagittis eros. Aliquam pharetra augue arcu, a cursus felis hendrerit et. Suspendisse potenti. Nunc ut tellus erat. Phasellus eleifend mattis mattis. Integer venenatis sit amet nibh eget pulvinar.',NULL,'2021-04-22 19:07:16','2021-04-22 19:07:23',NULL,0,1000,'samsung-a11'),
(8,'Samsung Galaxy Fit 2',900000,'Lorem ipsum dolor sit amet, consectetur adipiscing elit. Ut tempus ut risus non suscipit. Etiam sem erat, suscipit id eleifend non, commodo eget urna. Nullam suscipit, neque eu tempus tristique, tortor dolor varius nisl, eu auctor sem est vel ante. Donec in sagittis eros. Aliquam pharetra augue arcu, a cursus felis hendrerit et. Suspendisse potenti. Nunc ut tellus erat. Phasellus eleifend mattis mattis. Integer venenatis sit amet nibh eget pulvinar.',4,'2021-04-22 19:07:18','2021-05-29 15:38:21',NULL,4,1000,'galaxy-fit2'),
(9,'Xiaomi Mi Band 5',624244,'Lorem ipsum dolor sit amet, consectetur adipiscing elit. Ut tempus ut risus non suscipit. Etiam sem erat, suscipit id eleifend non, commodo eget urna. Nullam suscipit, neque eu tempus tristique, tortor dolor varius nisl, eu auctor sem est vel ante. Donec in sagittis eros. Aliquam pharetra augue arcu, a cursus felis hendrerit et. Suspendisse potenti. Nunc ut tellus erat. Phasellus eleifend mattis mattis. Integer venenatis sit amet nibh eget pulvinar.',NULL,'2021-04-22 19:07:18','2021-05-14 08:59:52',NULL,6,1000,'mi-band-5'),
(10,'Xiaomi Redmi 9',3000000,'Lorem ipsum dolor sit amet, consectetur adipiscing elit. Ut tempus ut risus non suscipit. Etiam sem erat, suscipit id eleifend non, commodo eget urna. Nullam suscipit, neque eu tempus tristique, tortor dolor varius nisl, eu auctor sem est vel ante. Donec in sagittis eros. Aliquam pharetra augue arcu, a cursus felis hendrerit et. Suspendisse potenti. Nunc ut tellus erat. Phasellus eleifend mattis mattis. Integer venenatis sit amet nibh eget pulvinar.',NULL,'2021-04-22 19:07:18','2021-05-14 08:59:52',NULL,0,1000,'redmi-9'),
(11,'Test Product',1241244,'Lorem ipsum dolor sit amet, consectetur adipiscing elit. Ut tempus ut risus non suscipit. Etiam sem erat, suscipit id eleifend non, commodo eget urna. Nullam suscipit, neque eu tempus tristique, tortor dolor varius nisl, eu auctor sem est vel ante. Donec in sagittis eros. Aliquam pharetra augue arcu, a cursus felis hendrerit et. Suspendisse potenti. Nunc ut tellus erat. Phasellus eleifend mattis mattis. Integer venenatis sit amet nibh eget pulvinar.',NULL,'2021-04-22 19:07:18','2021-05-14 08:59:52','2021-05-14 08:59:52',2,1000,'test-product'),
(45,'Prema Watch 2anj',16,'16',0,'2021-06-13 06:26:41','2021-06-13 07:52:41','2021-06-13 07:52:41',16,16,'prema-watch-2anj'),
(46,'Prema Watch 2anjay',17,'17',0,'2021-06-13 06:27:29','2021-06-13 07:52:34','2021-06-13 07:52:34',17,17,'prema-watch-2anjay');

/*Table structure for table `provinces` */

DROP TABLE IF EXISTS `provinces`;

CREATE TABLE `provinces` (
  `id` bigint(20) unsigned NOT NULL AUTO_INCREMENT,
  `province_id` int(10) unsigned NOT NULL,
  `title` varchar(255) COLLATE utf8mb4_unicode_ci NOT NULL,
  `created_at` timestamp NULL DEFAULT NULL,
  `updated_at` timestamp NULL DEFAULT NULL,
  PRIMARY KEY (`id`)
) ENGINE=InnoDB AUTO_INCREMENT=35 DEFAULT CHARSET=utf8mb4 COLLATE=utf8mb4_unicode_ci;

/*Data for the table `provinces` */

insert  into `provinces`(`id`,`province_id`,`title`,`created_at`,`updated_at`) values 
(1,1,'Bali','2021-03-22 10:02:18','2021-03-22 10:02:18'),
(2,2,'Bangka Belitung','2021-03-22 10:02:20','2021-03-22 10:02:20'),
(3,3,'Banten','2021-03-22 10:02:22','2021-03-22 10:02:22'),
(4,4,'Bengkulu','2021-03-22 10:02:23','2021-03-22 10:02:23'),
(5,5,'DI Yogyakarta','2021-03-22 10:02:25','2021-03-22 10:02:25'),
(6,6,'DKI Jakarta','2021-03-22 10:02:27','2021-03-22 10:02:27'),
(7,7,'Gorontalo','2021-03-22 10:02:28','2021-03-22 10:02:28'),
(8,8,'Jambi','2021-03-22 10:02:30','2021-03-22 10:02:30'),
(9,9,'Jawa Barat','2021-03-22 10:02:32','2021-03-22 10:02:32'),
(10,10,'Jawa Tengah','2021-03-22 10:02:33','2021-03-22 10:02:33'),
(11,11,'Jawa Timur','2021-03-22 10:02:35','2021-03-22 10:02:35'),
(12,12,'Kalimantan Barat','2021-03-22 10:02:37','2021-03-22 10:02:37'),
(13,13,'Kalimantan Selatan','2021-03-22 10:02:45','2021-03-22 10:02:45'),
(14,14,'Kalimantan Tengah','2021-03-22 10:02:46','2021-03-22 10:02:46'),
(15,15,'Kalimantan Timur','2021-03-22 10:02:48','2021-03-22 10:02:48'),
(16,16,'Kalimantan Utara','2021-03-22 10:02:49','2021-03-22 10:02:49'),
(17,17,'Kepulauan Riau','2021-03-22 10:02:51','2021-03-22 10:02:51'),
(18,18,'Lampung','2021-03-22 10:02:53','2021-03-22 10:02:53'),
(19,19,'Maluku','2021-03-22 10:02:54','2021-03-22 10:02:54'),
(20,20,'Maluku Utara','2021-03-22 10:02:56','2021-03-22 10:02:56'),
(21,21,'Nanggroe Aceh Darussalam (NAD)','2021-03-22 10:02:58','2021-03-22 10:02:58'),
(22,22,'Nusa Tenggara Barat (NTB)','2021-03-22 10:03:00','2021-03-22 10:03:00'),
(23,23,'Nusa Tenggara Timur (NTT)','2021-03-22 10:03:01','2021-03-22 10:03:01'),
(24,24,'Papua','2021-03-22 10:03:03','2021-03-22 10:03:03'),
(25,25,'Papua Barat','2021-03-22 10:03:05','2021-03-22 10:03:05'),
(26,26,'Riau','2021-03-22 10:03:09','2021-03-22 10:03:09'),
(27,27,'Sulawesi Barat','2021-03-22 10:03:11','2021-03-22 10:03:11'),
(28,28,'Sulawesi Selatan','2021-03-22 10:03:13','2021-03-22 10:03:13'),
(29,29,'Sulawesi Tengah','2021-03-22 10:03:15','2021-03-22 10:03:15'),
(30,30,'Sulawesi Tenggara','2021-03-22 10:03:16','2021-03-22 10:03:16'),
(31,31,'Sulawesi Utara','2021-03-22 10:03:18','2021-03-22 10:03:18'),
(32,32,'Sumatera Barat','2021-03-22 10:03:20','2021-03-22 10:03:20'),
(33,33,'Sumatera Selatan','2021-03-22 10:03:22','2021-03-22 10:03:22'),
(34,34,'Sumatera Utara','2021-03-22 10:03:23','2021-03-22 10:03:23');

/*Table structure for table `response` */

DROP TABLE IF EXISTS `response`;

CREATE TABLE `response` (
  `id` int(10) unsigned NOT NULL AUTO_INCREMENT,
  `review_id` int(10) unsigned NOT NULL,
  `admin_id` int(10) unsigned NOT NULL,
  `content` text NOT NULL,
  `created_at` timestamp NOT NULL DEFAULT current_timestamp() ON UPDATE current_timestamp(),
  `updated_at` timestamp NOT NULL DEFAULT current_timestamp(),
  `deleted_at` timestamp NULL DEFAULT current_timestamp(),
  PRIMARY KEY (`id`),
  KEY `review_id` (`review_id`),
  KEY `admin_id` (`admin_id`),
  CONSTRAINT `response_ibfk_1` FOREIGN KEY (`review_id`) REFERENCES `product_reviews` (`id`),
  CONSTRAINT `response_ibfk_2` FOREIGN KEY (`admin_id`) REFERENCES `admins` (`id`)
) ENGINE=InnoDB AUTO_INCREMENT=2 DEFAULT CHARSET=latin1;

/*Data for the table `response` */

insert  into `response`(`id`,`review_id`,`admin_id`,`content`,`created_at`,`updated_at`,`deleted_at`) values 
(1,3,1,'response sqlyog','2021-03-12 11:30:09','2021-03-12 11:30:11','2021-06-13 01:29:12');

/*Table structure for table `transaction_details` */

DROP TABLE IF EXISTS `transaction_details`;

CREATE TABLE `transaction_details` (
  `id` int(10) unsigned NOT NULL AUTO_INCREMENT,
  `transaction_id` int(10) unsigned NOT NULL,
  `product_id` int(10) unsigned NOT NULL,
  `qty` int(11) NOT NULL,
  `discount` int(3) DEFAULT NULL,
  `selling_price` int(11) DEFAULT NULL,
  `created_at` timestamp NULL DEFAULT NULL,
  `updated_at` timestamp NULL DEFAULT NULL,
  `deleted_at` timestamp NULL DEFAULT NULL,
  PRIMARY KEY (`id`),
  KEY `id_transaction` (`transaction_id`),
  KEY `id_product` (`product_id`),
  CONSTRAINT `transaction_details_ibfk_1` FOREIGN KEY (`transaction_id`) REFERENCES `transactions` (`id`),
  CONSTRAINT `transaction_details_ibfk_2` FOREIGN KEY (`product_id`) REFERENCES `products` (`id`)
) ENGINE=InnoDB AUTO_INCREMENT=89 DEFAULT CHARSET=utf8mb4 COLLATE=utf8mb4_unicode_ci;

/*Data for the table `transaction_details` */

insert  into `transaction_details`(`id`,`transaction_id`,`product_id`,`qty`,`discount`,`selling_price`,`created_at`,`updated_at`,`deleted_at`) values 
(24,26,2,1,0,3500000,'2021-05-14 00:54:40','2021-05-14 00:54:40',NULL),
(25,27,2,1,0,3500000,'2021-05-14 01:34:35','2021-05-14 01:34:35',NULL),
(26,28,1,1,0,14000000,'2021-05-14 13:29:27','2021-05-14 13:29:27',NULL),
(27,29,1,2,0,14000000,'2021-05-14 13:31:29','2021-05-14 13:31:29',NULL),
(28,29,2,1,0,3500000,'2021-05-14 13:31:29','2021-05-14 13:31:29',NULL),
(29,30,2,1,0,3500000,'2021-05-14 14:18:51','2021-05-14 14:18:51',NULL),
(30,31,8,1,0,900000,'2021-05-14 16:57:13','2021-05-14 16:57:13',NULL),
(31,32,8,1,0,900000,'2021-05-14 16:59:16','2021-05-14 16:59:16',NULL),
(32,33,8,1,0,900000,'2021-05-16 16:24:13','2021-05-16 16:24:13',NULL),
(33,34,6,1,0,1230000,'2021-05-17 21:52:35','2021-05-17 21:52:35',NULL),
(34,35,5,1,0,2020000,'2021-05-19 17:55:43','2021-05-19 17:55:43',NULL),
(35,35,2,1,0,3500000,'2021-05-19 17:55:43','2021-05-19 17:55:43',NULL),
(36,36,5,1,0,2020000,'2021-05-19 18:57:33','2021-05-19 18:57:33',NULL),
(37,37,5,1,0,2020000,'2021-05-20 00:00:02','2021-05-20 00:00:02',NULL),
(38,38,2,1,0,3500000,'2021-05-21 17:18:06','2021-05-21 17:18:06',NULL),
(39,38,1,1,0,14000000,'2021-05-21 17:18:06','2021-05-21 17:18:06',NULL),
(40,38,9,1,5,624244,'2021-05-21 17:18:06','2021-05-21 17:18:06',NULL),
(41,39,2,1,0,3500000,'2021-05-21 21:54:06','2021-05-21 21:54:06',NULL),
(42,40,2,1,0,3500000,'2021-05-21 21:55:11','2021-05-21 21:55:11',NULL),
(43,41,9,3,5,624244,'2021-05-21 21:58:01','2021-05-21 21:58:01',NULL),
(44,42,9,1,5,624244,'2021-05-24 01:25:35','2021-05-24 01:25:35',NULL),
(45,43,1,1,0,14000000,'2021-05-24 01:41:22','2021-05-24 01:41:22',NULL),
(46,44,1,2,0,14000000,'2021-05-24 01:41:45','2021-05-24 01:41:45',NULL),
(47,44,9,1,5,624244,'2021-05-24 01:41:45','2021-05-24 01:41:45',NULL),
(48,45,1,1,0,14000000,'2021-05-24 13:15:16','2021-05-24 13:15:16',NULL),
(49,46,2,1,0,3500000,'2021-05-24 13:20:09','2021-05-24 13:20:09',NULL),
(50,48,9,1,5,624244,'2021-05-24 14:02:37','2021-05-24 14:02:37',NULL),
(51,49,1,2,0,14000000,'2021-05-24 14:23:44','2021-05-24 14:23:44',NULL),
(52,49,8,1,0,900000,'2021-05-24 14:23:44','2021-05-24 14:23:44',NULL),
(53,50,1,2,0,14000000,'2021-05-24 14:28:16','2021-05-24 14:28:16',NULL),
(54,50,9,1,5,624244,'2021-05-24 14:28:16','2021-05-24 14:28:16',NULL),
(55,51,1,1,0,14000000,'2021-05-24 15:18:25','2021-05-24 15:18:25',NULL),
(56,51,6,1,NULL,1230000,'2021-05-24 15:18:25','2021-05-24 15:18:25',NULL),
(57,52,9,1,5,624244,'2021-05-24 23:03:28','2021-05-24 23:03:28',NULL),
(58,53,1,2,0,14000000,'2021-05-25 16:28:57','2021-05-25 16:28:57',NULL),
(59,53,6,1,NULL,1230000,'2021-05-25 16:28:57','2021-05-25 16:28:57',NULL),
(60,53,5,1,NULL,2020000,'2021-05-25 16:28:57','2021-05-25 16:28:57',NULL),
(61,56,5,1,NULL,2020000,'2021-05-25 16:35:26','2021-05-25 16:35:26',NULL),
(62,68,9,1,5,624244,'2021-05-25 17:09:59','2021-05-25 17:09:59',NULL),
(63,69,6,1,NULL,1230000,'2021-05-25 17:11:45','2021-05-25 17:11:45',NULL),
(64,70,1,1,0,14000000,'2021-05-25 21:30:01','2021-05-25 21:30:01',NULL),
(65,71,2,5,NULL,3500000,'2021-05-26 19:12:39','2021-05-26 19:12:39',NULL),
(66,71,6,2,NULL,1230000,'2021-05-26 19:12:39','2021-05-26 19:12:39',NULL),
(67,72,6,1,NULL,1230000,'2021-05-27 16:49:05','2021-05-27 16:49:05',NULL),
(68,73,1,1,0,14000000,'2021-05-27 16:50:37','2021-05-27 16:50:37',NULL),
(69,74,1,1,0,14000000,'2021-05-27 21:23:01','2021-05-27 21:23:01',NULL),
(70,75,1,1,0,14000000,'2021-05-28 02:14:01','2021-05-28 02:14:01',NULL),
(71,75,5,1,NULL,2020000,'2021-05-28 02:14:01','2021-05-28 02:14:01',NULL),
(72,75,6,1,NULL,1230000,'2021-05-28 02:14:01','2021-05-28 02:14:01',NULL),
(73,76,1,1,0,14000000,'2021-05-28 21:39:13','2021-05-28 21:39:13',NULL),
(74,76,2,1,NULL,3500000,'2021-05-28 21:39:13','2021-05-28 21:39:13',NULL),
(75,76,5,1,NULL,2020000,'2021-05-28 21:39:13','2021-05-28 21:39:13',NULL),
(76,77,1,1,0,14000000,'2021-05-28 22:08:47','2021-05-28 22:08:47',NULL),
(77,78,1,1,0,14000000,'2021-05-29 11:29:56','2021-05-29 11:29:56',NULL),
(78,79,1,1,0,14000000,'2021-05-29 11:33:58','2021-05-29 11:33:58',NULL),
(79,80,2,1,NULL,3500000,'2021-05-29 11:44:15','2021-05-29 11:44:15',NULL),
(80,81,5,1,NULL,2020000,'2021-05-29 11:47:37','2021-05-29 11:47:37',NULL),
(81,82,1,1,0,14000000,'2021-05-29 15:02:51','2021-05-29 15:02:51',NULL),
(82,83,1,1,0,14000000,'2021-05-29 16:05:15','2021-05-29 16:05:15',NULL),
(83,84,1,1,0,14000000,'2021-05-29 23:15:32','2021-05-29 23:15:32',NULL),
(84,85,5,1,NULL,2020000,'2021-05-29 23:20:16','2021-05-29 23:20:16',NULL),
(85,86,8,1,NULL,900000,'2021-05-29 23:22:19','2021-05-29 23:22:19',NULL),
(86,87,1,1,0,14000000,'2021-06-01 23:16:56','2021-06-01 23:16:56',NULL),
(87,88,1,1,0,14000000,'2021-06-06 19:35:18','2021-06-06 19:35:18',NULL),
(88,89,1,1,0,14000000,'2021-06-06 20:41:16','2021-06-06 20:41:16',NULL);

/*Table structure for table `transactions` */

DROP TABLE IF EXISTS `transactions`;

CREATE TABLE `transactions` (
  `id` int(10) unsigned NOT NULL AUTO_INCREMENT,
  `timeout` datetime NOT NULL,
  `address` varchar(191) COLLATE utf8mb4_unicode_ci NOT NULL,
  `regency` varchar(50) COLLATE utf8mb4_unicode_ci NOT NULL,
  `province` varchar(50) COLLATE utf8mb4_unicode_ci NOT NULL,
  `total` double(12,2) NOT NULL,
  `shipping_cost` double(12,2) NOT NULL,
  `sub_total` double(12,2) NOT NULL,
  `user_id` int(20) unsigned NOT NULL,
  `courier_id` int(10) unsigned NOT NULL,
  `proof_of_payment` varchar(191) COLLATE utf8mb4_unicode_ci DEFAULT NULL,
  `created_at` timestamp NULL DEFAULT NULL,
  `updated_at` timestamp NULL DEFAULT NULL,
  `deleted_at` timestamp NULL DEFAULT NULL,
  `status` enum('unverified','verified','delivered','indelivery','success','expired','canceled','rejected','waiting approval') COLLATE utf8mb4_unicode_ci DEFAULT NULL,
  `telp` varchar(20) COLLATE utf8mb4_unicode_ci DEFAULT NULL,
  PRIMARY KEY (`id`),
  KEY `courier_id` (`courier_id`),
  KEY `user_id` (`user_id`),
  CONSTRAINT `transactions_ibfk_1` FOREIGN KEY (`courier_id`) REFERENCES `couriers` (`id`),
  CONSTRAINT `transactions_ibfk_2` FOREIGN KEY (`user_id`) REFERENCES `users` (`id`)
) ENGINE=InnoDB AUTO_INCREMENT=90 DEFAULT CHARSET=utf8mb4 COLLATE=utf8mb4_unicode_ci;

/*Data for the table `transactions` */

insert  into `transactions`(`id`,`timeout`,`address`,`regency`,`province`,`total`,`shipping_cost`,`sub_total`,`user_id`,`courier_id`,`proof_of_payment`,`created_at`,`updated_at`,`deleted_at`,`status`,`telp`) values 
(26,'2021-05-15 00:54:40','Jln. Ir. Ida Bagus Oka Gang Mandau No. 12, Denpasar','Barito Selatan','Kalimantan Tengah',3544000.00,44000.00,3500000.00,1,1,NULL,'2021-05-14 00:54:40','2021-05-14 00:54:40',NULL,'success','4124124'),
(27,'2021-05-15 01:34:35','Jln. Ir. Ida Bagus Oka Gang Mandau No. 12, Denpasar','Badung','Bali',3509000.00,9000.00,3500000.00,1,1,NULL,'2021-05-14 01:34:35','2021-05-16 08:21:10',NULL,'success','4124124'),
(28,'2021-05-15 13:29:27','Jln. Ir. Ida Bagus Oka Gang Mandau No. 12, Denpasar','Bengkayang','Kalimantan Barat',14045000.00,45000.00,14000000.00,1,1,NULL,'2021-05-14 13:29:27','2021-05-16 08:09:53',NULL,'expired','4124124'),
(29,'2021-05-15 13:31:29','Jln. Ir. Ida Bagus Oka Gang Mandau No. 12, Denpasar','Bangkalan','Jawa Timur',31554000.00,54000.00,31500000.00,1,1,'1620971154_5784.jpg','2021-05-14 13:31:29','2021-05-14 05:45:54',NULL,'success','4124124'),
(30,'2021-05-15 14:18:51','Jln. Ir. Ida Bagus Oka Gang Mandau No. 12, Denpasar','Magetan','Jawa Timur',3518000.00,18000.00,3500000.00,2,1,'1620973141_idea.png','2021-05-14 14:18:51','2021-05-27 18:13:21',NULL,'expired','4124124'),
(31,'2021-05-15 16:57:13','Jln. Ir. Ida Bagus Oka Gang Mandau No. 12, Denpasar','Karawang','Jawa Barat',919000.00,19000.00,900000.00,2,1,'1620982645_team.png','2021-05-14 16:57:13','2021-05-14 08:57:25',NULL,'delivered','4124124'),
(32,'2021-05-15 16:59:16','Jln. Ir. Ida Bagus Oka Gang Mandau No. 12, Denpasar','Bangkalan','Jawa Timur',918000.00,18000.00,900000.00,1,1,'1620982768_900px-Kanal_5_logo_Danmark.png','2021-05-14 16:59:16','2021-05-14 08:59:28',NULL,'success','4124124'),
(33,'2021-05-17 16:24:13','Jln. Ir. Ida Bagus Oka Gang Mandau No. 12, Denpasar','Badung','Bali',944000.00,44000.00,900000.00,3,1,'1621153552_1905551095_BuktiBayar.jpg','2021-05-16 16:24:13','2021-05-16 08:25:52',NULL,'unverified','4124124'),
(34,'2021-05-18 21:52:35','Jl.Terus Jadian kapan','Denpasar','Bali',1238000.00,8000.00,1230000.00,1,1,'1621259643_rick-astley-social.jpg','2021-05-17 21:52:35','2021-05-19 09:51:59',NULL,'expired','081'),
(35,'2021-05-20 17:55:43','Jln. Ir. Ida Bagus Oka Gang Mandau No. 12, Denpasar','Ambon','Maluku',5654000.00,134000.00,5520000.00,1,1,'1621418157_1905551095_1.png','2021-05-19 17:55:43','2021-05-21 05:11:27',NULL,'expired','4124124'),
(36,'2021-05-20 18:57:33','Jln. Ir. Ida Bagus Oka Gang Mandau No. 12, Denpasar','Bulungan (Bulongan)','Kalimantan Utara',2071000.00,51000.00,2020000.00,1,1,NULL,'2021-05-19 18:57:33','2021-05-19 10:57:51',NULL,'canceled','4124124'),
(37,'2021-05-21 00:00:02','Jln. Ir. Ida Bagus Oka Gang Mandau No. 12, Denpasar','Banjar','Kalimantan Selatan',2062000.00,42000.00,2020000.00,1,2,NULL,'2021-05-20 00:00:02','2021-05-21 05:11:27',NULL,'expired','4124124'),
(38,'2021-05-22 17:18:06','Jln. Ir. Ida Bagus Oka Gang Mandau No. 12, Denpasar','Bangka','Bangka Belitung',18225031.80,132000.00,18093031.80,1,1,'1621588704_team.png','2021-05-21 17:18:06','2021-05-22 17:28:33',NULL,'expired','4124124'),
(39,'2021-05-22 21:54:06','Jln. Ir. Ida Bagus Oka Gang Mandau No. 12, Denpasar','Denpasar','Bali',3508000.00,8000.00,3500000.00,1,1,NULL,'2021-05-21 21:54:06','2021-05-21 13:54:57',NULL,'canceled','4124124'),
(40,'2021-05-22 21:55:11','Jln. Ir. Ida Bagus Oka Gang Mandau No. 12, Denpasar','Bangli','Bali',3509000.00,9000.00,3500000.00,1,1,'1621605326_team.png','2021-05-21 21:55:11','2021-05-21 13:57:03',NULL,'success','4124124'),
(41,'2021-05-22 21:58:01','Jln. Ir. Ida Bagus Oka Gang Mandau No. 12, Denpasar','Depok','Jawa Barat',1836095.40,57000.00,1779095.40,1,1,NULL,'2021-05-21 21:58:01','2021-05-23 04:50:48',NULL,'expired','4124124'),
(42,'2021-05-25 01:25:35','Jln. Ir. Ida Bagus Oka Gang Mandau No. 12, Denpasar','Berau','Kalimantan Timur',641031.00,48000.00,593031.80,1,1,NULL,'2021-05-24 01:25:35','2021-05-26 17:38:07',NULL,'expired','082237396688'),
(43,'2021-05-25 01:41:22','Jln. Ir. Ida Bagus Oka Gang Mandau No. 12, Denpasar','Denpasar','Bali',14008000.00,8000.00,14000000.00,1,1,NULL,'2021-05-24 01:41:22','2021-05-26 17:38:07',NULL,'expired','082237396688'),
(44,'2021-05-25 01:41:45','Jln. Ir. Ida Bagus Oka Gang Mandau No. 12, Denpasar','Balikpapan','Kalimantan Timur',28719031.00,126000.00,28593031.80,1,1,NULL,'2021-05-24 01:41:45','2021-05-26 17:38:07',NULL,'expired','082237396688'),
(45,'2021-05-25 13:15:16','Jln. Ir. Ida Bagus Oka Gang Mandau No. 12, Denpasar','Bulungan (Bulongan)','Kalimantan Utara',14051000.00,51000.00,14000000.00,1,1,NULL,'2021-05-24 13:15:16','2021-05-26 17:38:07',NULL,'expired','082237396688'),
(46,'2021-05-25 13:20:09','Jln. Ir. Ida Bagus Oka Gang Mandau No. 12, Denpasar','Bangka','Bangka Belitung',3544000.00,44000.00,3500000.00,1,1,NULL,'2021-05-24 13:20:09','2021-05-26 17:38:07',NULL,'expired','082237396688'),
(47,'2021-05-25 13:55:15','Jln. Ir. Ida Bagus Oka Gang Mandau No. 12, Denpasar','Bangka','Bangka Belitung',637031.00,44000.00,593031.80,1,1,NULL,'2021-05-24 13:55:15','2021-05-26 17:38:07',NULL,'expired','082237396688'),
(48,'2021-05-25 14:02:37','Jln. Ir. Ida Bagus Oka Gang Mandau No. 12, Denpasar','Bangka','Bangka Belitung',637031.00,44000.00,593031.80,1,1,NULL,'2021-05-24 14:02:37','2021-05-26 17:38:05',NULL,'expired','082237396688'),
(49,'2021-05-25 14:23:44','Jln. Ir. Ida Bagus Oka Gang Mandau No. 12, Denpasar','Denpasar','Bali',28924000.00,24000.00,28900000.00,1,1,NULL,'2021-05-24 14:23:44','2021-05-26 17:38:05',NULL,'expired','082237396688'),
(50,'2021-05-25 14:28:16','Jln. Ir. Ida Bagus Oka Gang Mandau No. 12, Denpasar','Balangan','Kalimantan Selatan',28725031.00,132000.00,28593031.80,1,1,NULL,'2021-05-24 14:28:16','2021-05-26 17:38:05',NULL,'expired','082237396688'),
(51,'2021-05-25 15:18:25','Jln. Ir. Ida Bagus Oka Gang Mandau No. 12, Denpasar','Cilegon','Banten',15248000.00,18000.00,15230000.00,1,1,NULL,'2021-05-24 15:18:25','2021-05-26 17:38:05',NULL,'expired','082237396688'),
(52,'2021-05-25 23:03:28','Jln. Ir. Ida Bagus Oka Gang Mandau No. 12, Denpasar','Malinau','Kalimantan Utara',658031.00,65000.00,593031.80,1,1,NULL,'2021-05-24 23:03:28','2021-05-26 17:38:05',NULL,'expired','082237396688'),
(53,'2021-05-26 16:28:57','Jln. Ir. Ida Bagus Oka Gang Mandau No. 12, Denpasar','Malinau','Kalimantan Utara',31510000.00,260000.00,31250000.00,1,1,NULL,'2021-05-25 16:28:57','2021-05-26 17:38:05',NULL,'expired','082237396688'),
(54,'2021-05-26 16:33:17','Jln. Ir. Ida Bagus Oka Gang Mandau No. 12, Denpasar','Bangli','Bali',3509000.00,9000.00,3500000.00,1,1,NULL,'2021-05-25 16:33:17','2021-05-26 17:38:04',NULL,'expired','082237396688'),
(55,'2021-05-26 16:33:48','Jln. Ir. Ida Bagus Oka Gang Mandau No. 12, Denpasar','Bintan','Kepulauan Riau',3562000.00,62000.00,3500000.00,1,1,NULL,'2021-05-25 16:33:48','2021-05-26 17:38:04',NULL,'expired','082237396688'),
(56,'2021-05-26 16:35:26','Jln. Ir. Ida Bagus Oka Gang Mandau No. 12, Denpasar','Bintan','Kepulauan Riau',2082000.00,62000.00,2020000.00,1,1,NULL,'2021-05-25 16:35:26','2021-05-26 17:38:04',NULL,'expired','082237396688'),
(57,'2021-05-26 16:38:34','Jln. Ir. Ida Bagus Oka Gang Mandau No. 12, Denpasar','Bangli','Bali',3513000.00,13000.00,3500000.00,1,2,NULL,'2021-05-25 16:38:34','2021-05-26 17:38:04',NULL,'expired','082237396688'),
(58,'2021-05-26 16:46:54','Jln. Ir. Ida Bagus Oka Gang Mandau No. 12, Denpasar','Denpasar','Bali',908000.00,8000.00,900000.00,1,1,NULL,'2021-05-25 16:46:54','2021-05-26 17:38:04',NULL,'expired','082237396688'),
(59,'2021-05-26 16:47:44','Jln. Ir. Ida Bagus Oka Gang Mandau No. 12, Denpasar','Denpasar','Bali',908000.00,8000.00,900000.00,1,1,NULL,'2021-05-25 16:47:44','2021-05-26 17:38:04',NULL,'expired','082237396688'),
(60,'2021-05-26 16:56:55','Jln. Ir. Ida Bagus Oka Gang Mandau No. 12, Denpasar','Denpasar','Bali',908000.00,8000.00,900000.00,1,1,NULL,'2021-05-25 16:56:55','2021-05-26 17:26:13',NULL,'expired','082237396688'),
(61,'2021-05-26 16:56:58','Jln. Ir. Ida Bagus Oka Gang Mandau No. 12, Denpasar','Denpasar','Bali',908000.00,8000.00,900000.00,1,1,NULL,'2021-05-25 16:56:58','2021-05-26 17:26:13',NULL,'expired','082237396688'),
(62,'2021-05-26 16:57:14','Jln. Ir. Ida Bagus Oka Gang Mandau No. 12, Denpasar','Bangli','Bali',909000.00,9000.00,900000.00,1,1,NULL,'2021-05-25 16:57:14','2021-05-26 17:26:13',NULL,'expired','082237396688'),
(63,'2021-05-26 16:59:13','Jln. Ir. Ida Bagus Oka Gang Mandau No. 12, Denpasar','Bangli','Bali',909000.00,9000.00,900000.00,1,1,NULL,'2021-05-25 16:59:13','2021-05-26 17:26:13',NULL,'expired','082237396688'),
(64,'2021-05-26 17:01:51','Jln. Ir. Ida Bagus Oka Gang Mandau No. 12, Denpasar','Denpasar','Bali',601031.00,8000.00,593031.80,1,1,NULL,'2021-05-25 17:01:51','2021-05-26 17:26:13',NULL,'expired','082237396688'),
(65,'2021-05-26 17:04:55','Jln. Ir. Ida Bagus Oka Gang Mandau No. 12, Denpasar','Denpasar','Bali',601031.00,8000.00,593031.80,1,1,NULL,'2021-05-25 17:04:55','2021-05-26 17:26:13',NULL,'expired','082237396688'),
(66,'2021-05-26 17:06:34','Jln. Ir. Ida Bagus Oka Gang Mandau No. 12, Denpasar','Denpasar','Bali',601031.00,8000.00,593031.80,1,1,NULL,'2021-05-25 17:06:34','2021-05-26 17:06:59',NULL,'expired','082237396688'),
(67,'2021-05-26 17:09:43','Jln. Ir. Ida Bagus Oka Gang Mandau No. 12, Denpasar','Denpasar','Bali',601031.00,8000.00,593031.80,1,1,NULL,'2021-05-25 17:09:43','2021-05-26 17:21:39',NULL,'expired','082237396688'),
(68,'2021-05-26 17:09:59','Jln. Ir. Ida Bagus Oka Gang Mandau No. 12, Denpasar','Bangli','Bali',602031.00,9000.00,593031.80,1,1,NULL,'2021-05-25 17:09:59','2021-05-26 17:21:39',NULL,'expired','082237396688'),
(69,'2021-05-26 17:11:45','Jln. Ir. Ida Bagus Oka Gang Mandau No. 12, Denpasar','Bangli','Bali',1239000.00,9000.00,1230000.00,1,1,NULL,'2021-05-25 17:11:45','2021-05-26 17:21:39',NULL,'expired','082237396688'),
(70,'2021-05-26 21:30:01','Jalan Sudirman','Bangli','Bali',14009000.00,9000.00,14000000.00,1,1,NULL,'2021-05-25 21:30:01','2021-05-27 04:55:30',NULL,'expired','14124124'),
(71,'2021-05-27 19:12:39','Jln. Ir. Ida Bagus Oka Gang Mandau No. 12, Denpasar','Malinau','Kalimantan Utara',20415000.00,455000.00,19960000.00,1,1,'1622103381_brain.png','2021-05-26 19:12:39','2021-05-27 08:16:21',NULL,'success','082237396688'),
(72,'2021-05-28 16:49:05','Jln. Ir. Ida Bagus Oka Gang Mandau No. 12, Denpasar','Denpasar','Bali',1238000.00,8000.00,1230000.00,1,1,'1622114596_brain.png','2021-05-27 16:49:05','2021-05-29 03:29:33',NULL,'expired','082237396688'),
(73,'2021-05-28 16:50:37','Jln. Ir. Ida Bagus Oka Gang Mandau No. 12, Denpasar','Denpasar','Bali',14008000.00,8000.00,14000000.00,1,1,'1622105570_globe.png','2021-05-27 16:50:37','2021-05-27 11:32:53',NULL,'success','082237396688'),
(74,'2021-05-28 21:23:01','Jln. Ir. Ida Bagus Oka Gang Mandau No. 12, Denpasar','Denpasar','Bali',14008000.00,8000.00,14000000.00,1,1,'1622210610_market.png','2021-05-27 21:23:01','2021-05-29 03:29:33',NULL,'expired','082237396688'),
(75,'2021-05-29 02:14:01','Jln. Ir. Ida Bagus Oka Gang Mandau No. 12, Denpasar','Denpasar','Bali',17274000.00,24000.00,17250000.00,2,1,'1622139556_brain.png','2021-05-28 02:14:01','2021-05-27 18:19:41',NULL,'success','082237396688'),
(76,'2021-05-29 21:39:13','Jln. Ir. Ida Bagus Oka Gang Mandau No. 12, Denpasar','Denpasar','Bali',19544000.00,24000.00,19520000.00,1,1,NULL,'2021-05-28 21:39:13','2021-05-28 14:12:12',NULL,'success','082237396688'),
(77,'2021-05-29 22:08:47','Jln. Ir. Ida Bagus Oka Gang Mandau No. 12, Denpasar','Denpasar','Bali',14008000.00,8000.00,14000000.00,1,1,NULL,'2021-05-28 22:08:47','2021-05-28 14:11:39',NULL,'canceled','082237396688'),
(78,'2021-05-30 11:29:56','Jln. Ir. Ida Bagus Oka Gang Mandau No. 12, Denpasar','Denpasar','Bali',14008000.00,8000.00,14000000.00,1,1,'1622259007_1317792.jpg','2021-05-29 11:29:56','2021-05-29 03:30:52',NULL,'success','082237396688'),
(79,'2021-05-30 11:33:58','Jln. Ir. Ida Bagus Oka Gang Mandau No. 12, Denpasar','Denpasar','Bali',14008000.00,8000.00,14000000.00,1,2,'1622259245_market.png','2021-05-29 11:33:58','2021-05-29 03:34:22',NULL,'success','082237396688'),
(80,'2021-05-30 11:44:15','Jln. Ir. Ida Bagus Oka Gang Mandau No. 12, Denpasar','Denpasar','Bali',3508000.00,8000.00,3500000.00,1,1,'1622259876_brain.png','2021-05-29 11:44:15','2021-05-29 03:44:43',NULL,'waiting approval','082237396688'),
(81,'2021-05-30 11:47:37','Jln. Ir. Ida Bagus Oka Gang Mandau No. 12, Denpasar','Denpasar','Bali',2026000.00,6000.00,2020000.00,1,3,'1622262010_market.png','2021-05-29 11:47:37','2021-05-29 04:20:10',NULL,'waiting approval','082237396688'),
(82,'2021-05-30 15:02:51','Jln. Ir. Ida Bagus Oka Gang Mandau No. 12, Denpasar','Denpasar','Lampung',14008000.00,8000.00,14000000.00,1,1,'1622281534_team.png','2021-05-29 15:02:51','2021-05-29 09:46:03',NULL,'waiting approval','082237396688'),
(83,'2021-05-30 16:05:15','Jln. Ir. Ida Bagus Oka Gang Mandau No. 12, Denpasar','Denpasar','Bali',14008000.00,8000.00,14000000.00,1,1,'1622281499_brain.png','2021-05-29 16:05:15','2021-05-29 09:44:59',NULL,'waiting approval','082237396688'),
(84,'2021-05-30 23:15:32','Jln. Ir. Ida Bagus Oka Gang Mandau No. 12, Denpasar','Denpasar','Bali',14008000.00,8000.00,14000000.00,1,1,'1622301579_idea.png','2021-05-29 23:15:32','2021-05-29 15:19:39',NULL,'waiting approval','082237396688'),
(85,'2021-05-30 23:20:16','Jln. Ir. Ida Bagus Oka Gang Mandau No. 12, Denpasar','Denpasar','Bali',2028000.00,8000.00,2020000.00,1,1,'1622301692_market.png','2021-05-29 23:20:16','2021-05-29 15:21:32',NULL,'waiting approval','082237396688'),
(86,'2021-05-30 23:22:19','Jln. Ir. Ida Bagus Oka Gang Mandau No. 12, Denpasar','Denpasar','Bali',908000.00,8000.00,900000.00,1,1,'1622301769_team.png','2021-05-29 23:22:19','2021-05-29 15:37:28',NULL,'success','082237396688'),
(87,'2021-06-02 23:16:56','ghjkl','Bulungan (Bulongan)','Kalimantan Utara',14054000.00,54000.00,14000000.00,1,1,'1622560627_1.jpg','2021-06-01 23:16:56','2021-06-01 15:23:18',NULL,'verified','345467890'),
(88,'2021-06-07 19:35:42','jalan merah','Buru','Maluku',14061000.00,61000.00,14000000.00,1,3,NULL,'2021-06-06 19:35:18','2021-06-06 19:35:42',NULL,'unverified','0896454678'),
(89,'2021-06-07 20:41:16','jalaan biru','Kerinci','Jambi',14047000.00,47000.00,14000000.00,1,2,'1622983291_1.jpg','2021-06-06 20:41:16','2021-06-06 12:42:07',NULL,'verified','0896454678');

/*Table structure for table `user_activations` */

DROP TABLE IF EXISTS `user_activations`;

CREATE TABLE `user_activations` (
  `user_id` int(10) unsigned NOT NULL,
  `token` varchar(255) COLLATE utf8mb4_unicode_ci NOT NULL,
  `created_at` timestamp NOT NULL DEFAULT current_timestamp() ON UPDATE current_timestamp(),
  KEY `user_activations_token_index` (`token`)
) ENGINE=InnoDB DEFAULT CHARSET=utf8mb4 COLLATE=utf8mb4_unicode_ci;

/*Data for the table `user_activations` */

/*Table structure for table `user_notifications` */

DROP TABLE IF EXISTS `user_notifications`;

CREATE TABLE `user_notifications` (
  `x` int(36) NOT NULL AUTO_INCREMENT,
  `type` varchar(191) COLLATE utf8mb4_unicode_ci NOT NULL,
  `notifiable_type` varchar(191) COLLATE utf8mb4_unicode_ci NOT NULL,
  `notifiable_id` int(11) unsigned NOT NULL,
  `data` text COLLATE utf8mb4_unicode_ci NOT NULL,
  `read_at` timestamp NULL DEFAULT NULL,
  `created_at` timestamp NULL DEFAULT NULL,
  `updated_at` timestamp NULL DEFAULT NULL,
  PRIMARY KEY (`x`),
  KEY `user_notifications_notifiable_type_notifiable_id_index` (`notifiable_type`,`notifiable_id`),
  KEY `notifiable_id` (`notifiable_id`),
  CONSTRAINT `user_notifications_ibfk_1` FOREIGN KEY (`notifiable_id`) REFERENCES `users` (`id`)
) ENGINE=InnoDB AUTO_INCREMENT=4 DEFAULT CHARSET=utf8mb4 COLLATE=utf8mb4_unicode_ci;

/*Data for the table `user_notifications` */

insert  into `user_notifications`(`x`,`type`,`notifiable_type`,`notifiable_id`,`data`,`read_at`,`created_at`,`updated_at`) values 
(1,'App\\Notifications\\UserNotification','App\\Admin',1,'{\"id\":87,\"nama\":\"adminsqlyog\",\"pesan\":\"Transaksi Diterima\"}',NULL,'2021-06-01 15:25:12','2021-06-01 15:25:12'),
(2,'App\\Notifications\\UserNotification','App\\Admin',1,'{\"id\":88,\"nama\":\"adminsqlyog\",\"pesan\":\"Tidak Divirifikasi\"}',NULL,'2021-06-06 19:35:42','2021-06-06 19:35:42'),
(3,'App\\Notifications\\UserNotification','App\\Admin',1,'{\"id\":89,\"nama\":\"adminsqlyog\",\"pesan\":\"Transaksi Diterima\"}',NULL,'2021-06-06 12:42:07','2021-06-06 12:42:07');

/*Table structure for table `users` */

DROP TABLE IF EXISTS `users`;

CREATE TABLE `users` (
  `id` int(10) unsigned NOT NULL AUTO_INCREMENT,
  `name` varchar(191) COLLATE utf8mb4_unicode_ci NOT NULL,
  `email` varchar(191) COLLATE utf8mb4_unicode_ci NOT NULL,
  `profile_image` varchar(191) COLLATE utf8mb4_unicode_ci NOT NULL,
  `status` varchar(191) COLLATE utf8mb4_unicode_ci NOT NULL,
  `email_verified_at` timestamp NULL DEFAULT NULL,
  `password` varchar(191) COLLATE utf8mb4_unicode_ci NOT NULL,
  `remember_token` varchar(100) COLLATE utf8mb4_unicode_ci DEFAULT NULL,
  `created_at` timestamp NULL DEFAULT NULL,
  `updated_at` timestamp NULL DEFAULT NULL,
  PRIMARY KEY (`id`),
  UNIQUE KEY `users_email_unique` (`email`)
) ENGINE=InnoDB AUTO_INCREMENT=7 DEFAULT CHARSET=utf8mb4 COLLATE=utf8mb4_unicode_ci;

/*Data for the table `users` */

insert  into `users`(`id`,`name`,`email`,`profile_image`,`status`,`email_verified_at`,`password`,`remember_token`,`created_at`,`updated_at`) values 
(1,'smaraputra','smara.putra2001@gmail.com','def.png','Sudah Terdaftar','2021-03-23 18:23:21','$2y$10$PCZ12iXynoL29YD1C426qONy0AFus0Q9PVk29tjHge3LZMX6bAjRK','W50FN8jqjG6pcc8VuFfBDV8nUSh8rpYzzB7F3t9bdEUVV9nJFwuO1E27OnCj','2021-03-23 18:23:34','2021-03-23 18:23:36'),
(2,'sykescp','sykescp@gmail.com','def.png','Sudah Terdaftar','2021-03-23 18:23:21','$2y$10$PCZ12iXynoL29YD1C426qONy0AFus0Q9PVk29tjHge3LZMX6bAjRK','D18gdwLczMt5Z13TM7GXBb1yBGfQYcbuVbABm9U40s855vcnmiLakMww92nU','2021-03-23 18:23:34','2021-03-23 18:23:36'),
(3,'ngurah','rahsu@gmail.com','def.png','Sudah Terdaftar','2021-03-23 18:23:21','$2y$10$PCZ12iXynoL29YD1C426qONy0AFus0Q9PVk29tjHge3LZMX6bAjRK','zq8TtUmFz3UkryX42vEs7UoFzki7II3tMbGmVjCGmXCFNueoD47Fik84XAlP','2021-03-23 18:23:34','2021-03-23 18:23:36'),
(4,'Saro','sarosambel@gmail.com','modul4_bank_sampah.bmp','Sudah Terdaftar',NULL,'$2y$10$PBdlZm7XjJO87.E5Z7QycuAVkhC2exSWd1ySa49mKLkjn3efwkm9y',NULL,'2021-05-19 10:06:10','2021-05-19 10:06:10'),
(6,'SI NGURAH KETUT SUWIJAYA YANA','ngurahroky@gmail.com','preview.jpg','Sudah Terdaftar','2021-06-14 12:44:37','$2y$10$gvplZ/bWfCCNeFQlftepFuxXc1XM2rnvywLZhwCG.HmqzRgxj82ye','pSeoufPaaoD4sbPr4ATrxcbkTaWSZoJGlliDvRMbhe8YLhMDdIHGLca7DyQ6','2021-06-14 12:43:09','2021-06-14 12:59:40');

/*!40101 SET SQL_MODE=@OLD_SQL_MODE */;
/*!40014 SET FOREIGN_KEY_CHECKS=@OLD_FOREIGN_KEY_CHECKS */;
/*!40014 SET UNIQUE_CHECKS=@OLD_UNIQUE_CHECKS */;
/*!40111 SET SQL_NOTES=@OLD_SQL_NOTES */;
